Location;Frames_1000000415_MT_Spp
Smin;3.285
Smax;20.39
Seq-f;4.481000000000002
Seq-p;2.1069999999999993
