Location;Frames_1000000886_MX_Spp
Smin;14.525
Smax;24.424999999999997
Seq-f;0.6379999999999999
Seq-p;-6.502000000000001
