Location;Frames_1000000941_MT_Spp
Smin;2.263
Smax;4.2829999999999995
Seq-f;-7.186
Seq-p;7.385999999999999
