Location;Frames_1000000117_MX_Spp
Smin;-11.172
Smax;-1.3209999999999997
Seq-f;14.890999999999998
Seq-p;38.048
