Location;Frames_1000000222_MX_Spp
Smin;-2.6609999999999996
Smax;20.897
Seq-f;22.023000000000003
Seq-p;10.665
