Location;Frames_1000000314_MT_Spp
Smin;-10.754999999999999
Smax;49.895
Seq-f;30.569000000000003
Seq-p;36.356
