Location;Frames_1000000040_MT_Spp
Smin;0.45500000000000007
Smax;34.032
Seq-f;-0.8210000000000015
Seq-p;4.765999999999998
