Location;Frames_1000000023_MX_Spp
Smin;-3.2439999999999998
Smax;22.113999999999997
Seq-f;97.643
Seq-p;63.922
