Location;Frames_1000000380_MT_Spp
Smin;3.503
Smax;10.772
Seq-f;-2.396000000000001
Seq-p;12.684999999999999
