Location;Frames_1000001070_MX_Spp
Smin;-4.231
Smax;23.393
Seq-f;2.5410000000000004
Seq-p;7.373999999999999
