Location;Frames_1000000043_MT_Spp
Smin;-6.521000000000001
Smax;24.509
Seq-f;6.236000000000001
Seq-p;29.927999999999997
