Location;Frames_1000000876_MT_Spp
Smin;4.821
Smax;6.443000000000001
Seq-f;41.321
Seq-p;14.655000000000001
