Location;Frames_1000000554_MT_Spp
Smin;3.8209999999999997
Smax;16.606
Seq-f;10.54
Seq-p;10.809999999999999
