Location;Frames_1000000280_MT_Spp
Smin;1.2460000000000004
Smax;66.842
Seq-f;-1.1389999999999993
Seq-p;-6.836
