Location;Frames_1000000589_MX_Spp
Smin;-12.663
Smax;-6.869999999999999
Seq-f;3.428000000000001
Seq-p;24.145000000000003
