Location;Frames_1000001091_MT_Spp
Smin;-14.523
Smax;7.074999999999999
Seq-f;16.208
Seq-p;13.295000000000002
