Location;Frames_1000000236_MT_Spp
Smin;-2.396000000000001
Smax;23.201
Seq-f;12.001999999999999
Seq-p;14.085
