Location;Frames_1000000074_MT_Spp
Smin;-8.577000000000002
Smax;61.156000000000006
Seq-f;37.557
Seq-p;30.717
