Location;Frames_1000000663_MT_Spp
Smin;-20.226
Smax;7.952000000000002
Seq-f;28.75
Seq-p;17.061999999999998
