Location;Frames_1000000951_MX_Spp
Smin;3.2689999999999984
Smax;15.668
Seq-f;-0.3210000000000015
Seq-p;15.844000000000001
