Location;Frames_1000000700_MX_Spp
Smin;11.479
Smax;19.921999999999997
Seq-f;10.468
Seq-p;14.504000000000001
