Location;Frames_1000000939_MX_Spp
Smin;0.911999999999999
Smax;31.069000000000003
Seq-f;11.616
Seq-p;11.437999999999999
