Location;Frames_1000000776_MX_Spp
Smin;7.2490000000000006
Smax;27.517000000000003
Seq-f;76.401
Seq-p;50.081
