Location;Frames_1000000556_MT_Spp
Smin;0.9789999999999992
Smax;9.552
Seq-f;-5.773999999999999
Seq-p;2.148999999999999
