Location;Frames_1000000270_MT_Spp
Smin;4.059
Smax;31.759
Seq-f;5.318000000000001
Seq-p;2.3919999999999995
