Location;Frames_1000000940_MX_Spp
Smin;-19.323
Smax;-0.10000000000000142
Seq-f;2.4520000000000017
Seq-p;10.658000000000001
