Location;Frames_1000000103_MX_Spp
Smin;3.7689999999999984
Smax;27.709000000000003
Seq-f;99.508
Seq-p;68.36
