Location;Frames_1000000351_MT_Spp
Smin;14.693999999999999
Smax;34.511
Seq-f;3.9049999999999994
Seq-p;8.099
