Location;Frames_1000000555_MX_Spp
Smin;-0.7710000000000008
Smax;20.964
Seq-f;20.433
Seq-p;25.889000000000003
