Location;Frames_1000000523_MX_Spp
Smin;-19.908
Smax;34.722
Seq-f;14.786000000000001
Seq-p;27.512999999999998
