Location;Frames_1000000078_MX_Spp
Smin;-1.8989999999999991
Smax;69.449
Seq-f;14.872
Seq-p;13.251999999999999
