Location;Frames_1000000600_MT_Spp
Smin;15.35
Smax;35.001
Seq-f;27.743000000000002
Seq-p;7.4780000000000015
