Location;Frames_1000000438_MX_Spp
Smin;-1.0799999999999983
Smax;40.017
Seq-f;24.814999999999998
Seq-p;28.098999999999997
