Location;Frames_1000000143_MT_Spp
Smin;-24.490000000000002
Smax;28.448999999999998
Seq-f;20.677
Seq-p;22.552999999999997
