Location;Frames_1000000529_MT_Spp
Smin;5.808999999999999
Smax;25.755000000000003
Seq-f;27.372
Seq-p;21.487000000000002
