Location;Frames_1000000969_MT_Spp
Smin;12.975999999999999
Smax;37.591
Seq-f;-6.539999999999999
Seq-p;7.5539999999999985
