Location;Frames_1000000324_MX_Spp
Smin;2.1149999999999984
Smax;25.622
Seq-f;25.47
Seq-p;25.720999999999997
