Location;Frames_1000000182_MX_Spp
Smin;9.353000000000002
Smax;18.259
Seq-f;-17.197
Seq-p;-6.359999999999999
