Location;Frames_1000000293_MX_Spp
Smin;3.1720000000000006
Smax;12.027000000000001
Seq-f;19.801
Seq-p;27.930999999999997
