Location;Frames_1000000583_MT_Spp
Smin;-5.405
Smax;1.5559999999999992
Seq-f;-3.059000000000001
Seq-p;1.373000000000001
