Location;Frames_1000000223_MX_Spp
Smin;16.384999999999998
Smax;20.311
Seq-f;-5.249
Seq-p;-14.405000000000001
