Location;Frames_1000000231_MX_Spp
Smin;7.6419999999999995
Smax;57.542
Seq-f;31.604999999999997
Seq-p;26.647
