Location;Frames_1000000310_MX_Spp
Smin;-1.9579999999999984
Smax;39.73
Seq-f;11.831
Seq-p;22.691000000000003
