Location;Frames_1000001101_MX_Spp
Smin;-0.125
Smax;1.161999999999999
Seq-f;-2.972999999999999
Seq-p;-1.4589999999999996
