Location;Frames_1000000085_MT_Spp
Smin;-13.633
Smax;-6.591999999999999
Seq-f;49.68000000000001
Seq-p;46.742000000000004
