Location;Frames_1000000948_MX_Spp
Smin;0.03599999999999959
Smax;27.512999999999998
Seq-f;14.761000000000003
Seq-p;11.582999999999998
