Location;Frames_1000000646_MT_Spp
Smin;-7.356999999999999
Smax;10.079999999999998
Seq-f;16.551
Seq-p;25.817999999999998
