Location;Frames_1000000779_MT_Spp
Smin;7.819000000000001
Smax;10.447
Seq-f;20.307000000000002
Seq-p;30.572000000000003
