Location;Frames_1000000828_MX_Spp
Smin;14.440999999999999
Smax;32.995
Seq-f;-12.219000000000001
Seq-p;-9.841
