Location;Frames_1000000990_MT_Spp
Smin;-6.114999999999998
Smax;2.4460000000000015
Seq-f;39.559
Seq-p;32.895
