Location;Frames_1000000928_MT_Spp
Smin;4.468
Smax;7.8919999999999995
Seq-f;-7.670999999999999
Seq-p;-16.826
