Location;Frames_1000000381_MX_Spp
Smin;0.7880000000000003
Smax;91.755
Seq-f;-3.1720000000000006
Seq-p;11.620999999999999
