Location;Frames_1000000463_MX_Spp
Smin;7.452999999999999
Smax;20.869
Seq-f;4.6129999999999995
Seq-p;14.986999999999998
