Location;Frames_1000000081_MT_Spp
Smin;1.1880000000000006
Smax;16.738
Seq-f;-3.9909999999999997
Seq-p;0.7759999999999998
