Location;Frames_1000000212_MX_Spp
Smin;-9.411999999999999
Smax;0.7759999999999998
Seq-f;9.354
Seq-p;8.710999999999999
