Location;Frames_1000001053_MT_Spp
Smin;7.5169999999999995
Smax;29.499000000000002
Seq-f;1.8049999999999997
Seq-p;8.361999999999998
