Location;Frames_1000000959_MT_Spp
Smin;2.3819999999999997
Smax;42.832
Seq-f;10.149999999999999
Seq-p;6.547999999999998
