Location;Frames_1000000679_MX_Spp
Smin;2.7830000000000013
Smax;26.201999999999998
Seq-f;22.78
Seq-p;17.222
