Location;Frames_1000000662_MX_Spp
Smin;10.347
Smax;28.637999999999998
Seq-f;4.343999999999999
Seq-p;-1.2310000000000016
