Location;Frames_1000000773_MX_Spp
Smin;4.981999999999999
Smax;13.379
Seq-f;30.802999999999997
Seq-p;29.549
