Location;Frames_1000000120_MT_Spp
Smin;1.4610000000000003
Smax;52.677
Seq-f;0.6170000000000009
Seq-p;14.850999999999999
