Location;Frames_1000001052_MX_Spp
Smin;3.242000000000001
Smax;7.785
Seq-f;3.4250000000000007
Seq-p;9.771
