Location;Frames_1000000452_MT_Spp
Smin;-3.646000000000001
Smax;4.425999999999998
Seq-f;51.073
Seq-p;30.270000000000003
