Location;Frames_1000000905_MT_Spp
Smin;-5.446999999999999
Smax;0.11599999999999966
Seq-f;45.287
Seq-p;28.581000000000003
