Location;Frames_1000000204_MT_Spp
Smin;1.3040000000000003
Smax;23.168
Seq-f;6.529
Seq-p;-1.2560000000000002
