Location;Frames_1000000036_MX_Spp
Smin;2.41
Smax;6.529
Seq-f;2.5829999999999984
Seq-p;11.661999999999999
