Location;Frames_1000000436_MX_Spp
Smin;-9.814
Smax;8.82
Seq-f;26.374000000000002
Seq-p;22.878999999999998
