Location;Frames_1000000461_MX_Spp
Smin;-0.6560000000000006
Smax;54.185
Seq-f;-1.681000000000001
Seq-p;4.199999999999999
