Location;Frames_1000000547_MX_Spp
Smin;3.4540000000000006
Smax;28.043999999999997
Seq-f;31.36
Seq-p;34.354
