Location;Frames_1000000041_MX_Spp
Smin;-1.3490000000000002
Smax;10.008
Seq-f;15.502000000000002
Seq-p;21.249
