Location;Frames_1000000596_MT_Spp
Smin;-24.314999999999998
Smax;-6.779999999999999
Seq-f;17.546999999999997
Seq-p;32.527
