Location;Frames_1000000595_MT_Spp
Smin;-9.454999999999998
Smax;55.614000000000004
Seq-f;25.810000000000002
Seq-p;14.366
