Location;Frames_1000000107_MX_Spp
Smin;-1.5180000000000007
Smax;15.896999999999998
Seq-f;13.433
Seq-p;4.428000000000001
