Location;Frames_1000000492_MX_Spp
Smin;3.617000000000001
Smax;9.606
Seq-f;23.593000000000004
Seq-p;18.637999999999998
