Location;Frames_1000000659_MT_Spp
Smin;-2.0820000000000007
Smax;11.121
Seq-f;-7.667999999999999
Seq-p;-3.2139999999999986
