Location;Frames_1000000574_MT_Spp
Smin;12.442
Smax;34.998
Seq-f;2.6159999999999997
Seq-p;0.36100000000000065
