Location;Frames_1000000181_MX_Spp
Smin;-14.500999999999998
Smax;20.133000000000003
Seq-f;16.628
Seq-p;23.250999999999998
