Location;Frames_1000000407_MT_Spp
Smin;14.193
Smax;15.754999999999999
Seq-f;0.8440000000000012
Seq-p;8.949000000000002
