Location;Frames_1000000737_MT_Spp
Smin;11.467
Smax;22.595
Seq-f;-3.1350000000000016
Seq-p;2.0180000000000007
