Location;Frames_1000000913_MT_Spp
Smin;-8.364
Smax;-3.7300000000000004
Seq-f;15.248000000000001
Seq-p;25.708
