Location;Frames_1000000404_MX_Spp
Smin;-5.725999999999999
Smax;29.381999999999998
Seq-f;1.3440000000000012
Seq-p;3.5100000000000016
