Location;Frames_1000000993_MX_Spp
Smin;-5.563000000000001
Smax;2.2489999999999988
Seq-f;15.86
Seq-p;25.576
