Location;Frames_1000000049_MX_Spp
Smin;-2.2620000000000005
Smax;2.6869999999999994
Seq-f;1.4250000000000007
Seq-p;4.207000000000001
