Location;Frames_1000000180_MX_Spp
Smin;-3.1750000000000007
Smax;7.9670000000000005
Seq-f;59.613
Seq-p;43.739
