Location;Frames_1000000593_MT_Spp
Smin;-2.937000000000001
Smax;24.424999999999997
Seq-f;27.363999999999997
Seq-p;31.610999999999997
