Location;Frames_1000000424_MT_Spp
Smin;-13.940999999999999
Smax;0.36100000000000065
Seq-f;42.516
Seq-p;36.912
