Location;Frames_1000000604_MT_Spp
Smin;-20.581
Smax;0.48499999999999943
Seq-f;4.634
Seq-p;7.120000000000001
