Location;Frames_1000000079_MT_Spp
Smin;-38.488
Smax;22.673000000000002
Seq-f;22.694000000000003
Seq-p;31.759
