Location;Frames_1000000111_MX_Spp
Smin;11.138
Smax;13.610999999999997
Seq-f;-5.882
Seq-p;-7.930999999999999
