Location;Frames_1000000006_MT_Spp
Smin;-7.626000000000001
Smax;12.438000000000002
Seq-f;26.64
Seq-p;24.801000000000002
