Location;Frames_1000000508_MT_Spp
Smin;-38.785
Smax;-7.231999999999999
Seq-f;28.200000000000003
Seq-p;48.959
