Location;Frames_1000000654_MT_Spp
Smin;4.734
Smax;35.395
Seq-f;3.646000000000001
Seq-p;-1.899000000000001
