Location;Frames_1000000443_MT_Spp
Smin;3.9499999999999993
Smax;7.986999999999998
Seq-f;99.795
Seq-p;79.465
