Location;Frames_1000000070_MX_Spp
Smin;-1.6389999999999993
Smax;24.924999999999997
Seq-f;24.53
Seq-p;19.298000000000002
