Location;Frames_1000000507_MT_Spp
Smin;5.952999999999999
Smax;10.707
Seq-f;6.934000000000001
Seq-p;1.9110000000000014
