Location;Frames_1000000349_MT_Spp
Smin;-5.7490000000000006
Smax;2.051
Seq-f;18.614
Seq-p;3.9289999999999985
