Location;Frames_1000000808_MT_Spp
Smin;18.647
Smax;29.238999999999997
Seq-f;-18.374
Seq-p;-7.720000000000001
