Location;Frames_1000000030_MT_Spp
Smin;-10.407
Smax;15.707999999999998
Seq-f;0.7289999999999992
Seq-p;11.276
