Location;Frames_1000000557_MX_Spp
Smin;5.571999999999999
Smax;26.375999999999998
Seq-f;29.967
Seq-p;29.393
