Location;Frames_1000000921_MT_Spp
Smin;1.8399999999999999
Smax;9.149000000000001
Seq-f;-8.827
Seq-p;5.961
