Location;Frames_1000000592_MX_Spp
Smin;-5.715999999999999
Smax;72.229
Seq-f;100.501
Seq-p;61.355999999999995
