Location;Frames_1000000518_MX_Spp
Smin;2.5219999999999985
Smax;10.875
Seq-f;-1.745000000000001
Seq-p;13.64
