Location;Frames_1000000385_MX_Spp
Smin;12.725
Smax;48.781
Seq-f;-0.24399999999999977
Seq-p;2.4130000000000003
