Location;Frames_1000000371_MT_Spp
Smin;2.0730000000000004
Smax;38.912
Seq-f;7.6030000000000015
Seq-p;17.155
