Location;Frames_1000000118_MX_Spp
Smin;2.0749999999999993
Smax;33.267
Seq-f;19.32
Seq-p;22.308999999999997
