Location;Frames_1000001110_MX_Spp
Smin;0.3279999999999994
Smax;33.825
Seq-f;10.571000000000002
Seq-p;9.974
