Location;Frames_1000000323_MX_Spp
Smin;3.7670000000000003
Smax;34.164
Seq-f;0.3849999999999998
Seq-p;-6.741
