Location;Frames_1000000346_MT_Spp
Smin;-11.254999999999999
Smax;37.648
Seq-f;23.936999999999998
Seq-p;34.518
