Location;Frames_1000000877_MT_Spp
Smin;-5.555999999999999
Smax;-0.7319999999999993
Seq-f;68.493
Seq-p;45.911
