Location;Frames_1000000628_MX_Spp
Smin;-1.721
Smax;1.737
Seq-f;7.213999999999999
Seq-p;3.719999999999999
