Location;Frames_1000000478_MX_Spp
Smin;-7.0539999999999985
Smax;28.683999999999997
Seq-f;7.420000000000002
Seq-p;21.240000000000002
