Location;Frames_1000000045_MX_Spp
Smin;0.41000000000000014
Smax;24.145000000000003
Seq-f;44.656
Seq-p;35.18
