Location;Frames_1000000992_MT_Spp
Smin;2.716
Smax;7.652999999999999
Seq-f;3.5180000000000007
Seq-p;13.588999999999999
