Location;Frames_1000000016_MT_Spp
Smin;-5.978999999999999
Smax;13.675999999999998
Seq-f;27.594
Seq-p;33.125
