Location;Frames_1000000451_MT_Spp
Smin;-15.094999999999999
Smax;11.143
Seq-f;10.556000000000001
Seq-p;7.466999999999999
