Location;Frames_1000001008_MT_Spp
Smin;-2.4540000000000006
Smax;10.995000000000001
Seq-f;1.9209999999999994
Seq-p;4.661999999999999
