Location;Frames_1000000844_MT_Spp
Smin;3.4979999999999993
Smax;7.920999999999999
Seq-f;-7.288
Seq-p;-16.046
