Location;Frames_1000000525_MT_Spp
Smin;8.518
Smax;12.033000000000001
Seq-f;1.9640000000000004
Seq-p;5.617000000000001
