Location;Frames_1000000382_MT_Spp
Smin;-10.881
Smax;3.319000000000001
Seq-f;16.327
Seq-p;27.709000000000003
