Location;Frames_1000000029_MT_Spp
Smin;12.258
Smax;35.785
Seq-f;1.5380000000000003
Seq-p;-0.9929999999999986
