Location;Frames_1000000535_MX_Spp
Smin;-28.798000000000002
Smax;-17.9
Seq-f;26.127000000000002
Seq-p;19.287
