Location;Frames_1000000440_MT_Spp
Smin;2.6350000000000016
Smax;12.423000000000002
Seq-f;1.9589999999999996
Seq-p;22.772
