Location;Frames_1000000047_MX_Spp
Smin;6.1080000000000005
Smax;7.367000000000001
Seq-f;-7.2829999999999995
Seq-p;9.131
