Location;Frames_1000001002_MX_Spp
Smin;-0.3490000000000002
Smax;37.954
Seq-f;8.213000000000001
Seq-p;2.8249999999999993
