Location;Frames_1000000201_MT_Spp
Smin;-50.26
Smax;37.788
Seq-f;56.956999999999994
Seq-p;57.400000000000006
