Location;Frames_1000000059_MT_Spp
Smin;7.226000000000001
Smax;22.807000000000002
Seq-f;27.917
Seq-p;34.768
