Location;Frames_1000001069_MT_Spp
Smin;-0.9339999999999993
Smax;21.965000000000003
Seq-f;68.839
Seq-p;53.44
