Location;Frames_1000001057_MT_Spp
Smin;10.449
Smax;35.302
Seq-f;-0.4939999999999998
Seq-p;5.036999999999999
