Location;Frames_1000000195_MX_Spp
Smin;-7.9289999999999985
Smax;27.409
Seq-f;6.231000000000002
Seq-p;26.394
