Location;Frames_1000000882_MT_Spp
Smin;-4.611000000000001
Smax;11.815999999999999
Seq-f;29.497
Seq-p;19.238
