Location;Frames_1000000603_MX_Spp
Smin;-0.09999999999999964
Smax;55.596999999999994
Seq-f;-4.718
Seq-p;0.02400000000000091
