Location;Frames_1000000176_MT_Spp
Smin;-21.740000000000002
Smax;13.341000000000001
Seq-f;54.168000000000006
Seq-p;53.733000000000004
