Location;Frames_1000000443_MX_Spp
Smin;-0.7850000000000001
Smax;7.986999999999998
Seq-f;20.814999999999998
Seq-p;25.991999999999997
