Location;Frames_1000000083_MX_Spp
Smin;-2.3969999999999985
Smax;28.694000000000003
Seq-f;33.522
Seq-p;24.424999999999997
