Location;Frames_1000000454_MT_Spp
Smin;14.15
Smax;25.898000000000003
Seq-f;-1.1560000000000006
Seq-p;-9.244
