Location;Frames_1000000905_MX_Spp
Smin;-5.446999999999999
Smax;-5.433999999999999
Seq-f;22.238999999999997
Seq-p;25.502000000000002
