Location;Frames_1000000632_MT_Spp
Smin;-0.08200000000000074
Smax;9.25
Seq-f;1.9989999999999988
Seq-p;10.858
