Location;Frames_1000000417_MT_Spp
Smin;-0.5899999999999999
Smax;24.518
Seq-f;20.764
Seq-p;9.257000000000001
