Location;Frames_1000000418_MT_Spp
Smin;-4.183
Smax;-1.1099999999999994
Seq-f;17.707
Seq-p;28.049999999999997
