Location;Frames_1000000988_MT_Spp
Smin;7.071999999999999
Smax;12.472000000000001
Seq-f;4.913
Seq-p;-0.7650000000000006
