Location;Frames_1000000543_MT_Spp
Smin;-6.836
Smax;0.20599999999999952
Seq-f;22.003
Seq-p;9.844000000000001
