Location;Frames_1000000404_MT_Spp
Smin;-1.8520000000000003
Smax;29.381999999999998
Seq-f;3.2429999999999986
Seq-p;23.255000000000003
