Location;Frames_1000000973_MX_Spp
Smin;4.06
Smax;39.914
Seq-f;15.347000000000001
Seq-p;2.4460000000000015
