Location;Frames_1000000720_MX_Spp
Smin;0.002000000000000668
Smax;21.307
Seq-f;-0.5910000000000011
Seq-p;15.079999999999998
