Location;Frames_1000000452_MX_Spp
Smin;-8.829
Smax;4.425999999999998
Seq-f;-0.9480000000000004
Seq-p;18.178
