Location;Frames_1000000133_MX_Spp
Smin;-12.472000000000001
Smax;6.2620000000000005
Seq-f;50.149
Seq-p;43.91
