Location;Frames_1000000670_MT_Spp
Smin;-1.5760000000000005
Smax;14.347000000000001
Seq-f;24.537
Seq-p;21.369
