Location;Frames_1000000115_MX_Spp
Smin;-4.579000000000001
Smax;1.9110000000000014
Seq-f;13.043999999999997
Seq-p;27.267000000000003
