Location;Frames_1000000399_MT_Spp
Smin;4.854
Smax;15.449000000000002
Seq-f;2.039999999999999
Seq-p;11.167000000000002
