Location;Frames_1000000197_MT_Spp
Smin;3.4210000000000003
Smax;50.385999999999996
Seq-f;35.831
Seq-p;19.122
