Location;Frames_1000000835_MX_Spp
Smin;6.209
Smax;55.965999999999994
Seq-f;17.886000000000003
Seq-p;14.789000000000001
