Location;Frames_1000000505_MX_Spp
Smin;0.04100000000000037
Smax;5.834
Seq-f;12.021999999999998
Seq-p;8.114
