Location;Frames_1000000222_MT_Spp
Smin;10.161
Smax;20.897
Seq-f;2.5760000000000005
Seq-p;-1.1359999999999992
