Location;Frames_1000000693_MT_Spp
Smin;3.777000000000001
Smax;15.472999999999999
Seq-f;0.3880000000000017
Seq-p;18.449
