Location;Frames_1000000892_MX_Spp
Smin;-1.6300000000000008
Smax;44.771
Seq-f;15.615000000000002
Seq-p;21.724
