Location;Frames_1000000587_MT_Spp
Smin;-8.004999999999999
Smax;-7.5120000000000005
Seq-f;7.902999999999999
Seq-p;19.247999999999998
