Location;Frames_1000000095_MX_Spp
Smin;-12.170000000000002
Smax;37.248
Seq-f;25.383000000000003
Seq-p;28.994
