Location;Frames_1000000571_MX_Spp
Smin;-3.1660000000000004
Smax;32.308
Seq-f;6.7429999999999986
Seq-p;9.79
