Location;Frames_1000000054_MX_Spp
Smin;-0.3260000000000005
Smax;29.686999999999998
Seq-f;10.343
Seq-p;10.18
