Location;Frames_1000000407_MX_Spp
Smin;-0.6560000000000006
Smax;15.754999999999999
Seq-f;7.215
Seq-p;3.5829999999999984
