Location;Frames_1000000627_MT_Spp
Smin;-9.768
Smax;66.904
Seq-f;-0.6900000000000013
Seq-p;2.1750000000000007
