Location;Frames_1000000671_MX_Spp
Smin;-5.042999999999999
Smax;54.983999999999995
Seq-f;100.729
Seq-p;58.732
