Location;Frames_1000000263_MX_Spp
Smin;-14.357999999999997
Smax;8.870000000000001
Seq-f;21.593000000000004
Seq-p;34.289
