Location;Frames_1000001100_MT_Spp
Smin;3.652
Smax;53.905
Seq-f;12.110999999999997
Seq-p;4.763000000000002
