Location;Frames_1000000783_MT_Spp
Smin;8.192
Smax;48.843999999999994
Seq-f;0.8550000000000004
Seq-p;7.122
