Location;Frames_1000000705_MT_Spp
Smin;13.806000000000001
Smax;52.633
Seq-f;-1.2989999999999995
Seq-p;-9.509
