Location;Frames_1000000832_MT_Spp
Smin;2.519
Smax;13.801
Seq-f;2.9430000000000014
Seq-p;2.254999999999999
