Location;Frames_1000000364_MX_Spp
Smin;-25.29
Smax;2.3919999999999995
Seq-f;69.14
Seq-p;56.084999999999994
