Location;Frames_1000001109_MX_Spp
Smin;13.654
Smax;20.936999999999998
Seq-f;16.838
Seq-p;2.2280000000000015
