Location;Frames_1000000853_MX_Spp
Smin;5.021000000000001
Smax;40.696
Seq-f;4.895
Seq-p;12.312000000000001
