Location;Frames_1000000217_MX_Spp
Smin;-1.6530000000000005
Smax;7.242
Seq-f;-15.678
Seq-p;-3.8840000000000003
