Location;Frames_1000000364_MT_Spp
Smin;-8.296
Smax;2.3919999999999995
Seq-f;-0.8999999999999986
Seq-p;17.651
