Location;Frames_1000000526_MX_Spp
Smin;-8.05
Smax;24.973
Seq-f;15.533000000000001
Seq-p;25.134999999999998
