Location;Frames_1000000609_MX_Spp
Smin;0.19599999999999973
Smax;73.931
Seq-f;22.612000000000002
Seq-p;20.066
