Location;Frames_1000000390_MX_Spp
Smin;1.7190000000000012
Smax;32.168
Seq-f;-1.2630000000000017
Seq-p;7.643000000000001
