Location;Frames_1000000035_MT_Spp
Smin;-1.2420000000000009
Smax;48.959
Seq-f;0.25700000000000145
Seq-p;16.33
