Location;Frames_1000000165_MT_Spp
Smin;0.48900000000000077
Smax;17.634999999999998
Seq-f;48.591
Seq-p;33.12
