Location;Frames_1000000685_MT_Spp
Smin;-15.204999999999998
Smax;29.021
Seq-f;18.009999999999998
Seq-p;21.735
