Location;Frames_1000000488_MT_Spp
Smin;-4.651999999999999
Smax;1.8399999999999999
Seq-f;19.409
Seq-p;29.53
