Location;Frames_1000000938_MX_Spp
Smin;6.106999999999999
Smax;34.149
Seq-f;27.343000000000004
Seq-p;13.209000000000003
