Location;Frames_1000000942_MX_Spp
Smin;8.591999999999999
Smax;12.734
Seq-f;8.061
Seq-p;15.472999999999999
