Location;Frames_1000000068_MT_Spp
Smin;12.513
Smax;51.144999999999996
Seq-f;5.364000000000001
Seq-p;-0.18700000000000117
