Location;Frames_1000000059_MX_Spp
Smin;-31.287999999999997
Smax;22.807000000000002
Seq-f;57.084
Seq-p;52.627
