Location;Frames_1000000438_MT_Spp
Smin;-35.606
Smax;40.017
Seq-f;25.470999999999997
Seq-p;23.368000000000002
