Location;Frames_1000000726_MX_Spp
Smin;-6.814
Smax;-2.4319999999999986
Seq-f;12.478000000000002
Seq-p;27.583
