Location;Frames_1000000259_MT_Spp
Smin;-1.8290000000000006
Smax;37.227
Seq-f;18.264000000000003
Seq-p;18.484
