Location;Frames_1000000643_MX_Spp
Smin;5.5009999999999994
Smax;12.886000000000003
Seq-f;77.733
Seq-p;69.217
