Location;Frames_1000000818_MX_Spp
Smin;10.721
Smax;24.433
Seq-f;8.161999999999999
Seq-p;13.341999999999999
