Location;Frames_1000000109_MT_Spp
Smin;-13.646999999999998
Smax;30.270000000000003
Seq-f;82.198
Seq-p;52.084
