Location;Frames_1000000164_MX_Spp
Smin;-4.623999999999999
Smax;11.475000000000001
Seq-f;15.187999999999999
Seq-p;16.906999999999996
