Location;Frames_1000000939_MT_Spp
Smin;-15.149999999999999
Smax;31.069000000000003
Seq-f;42.08
Seq-p;28.487000000000002
