Location;Frames_1000000524_MT_Spp
Smin;1.2810000000000006
Smax;22.695999999999998
Seq-f;8.308
Seq-p;18.58
