Location;Frames_1000000868_MX_Spp
Smin;0.4190000000000005
Smax;44.242000000000004
Seq-f;44.566
Seq-p;24.962000000000003
