Location;Frames_1000000725_MX_Spp
Smin;-6.135000000000002
Smax;12.235999999999997
Seq-f;10.329999999999998
Seq-p;12.614
