Location;Frames_1000000796_MT_Spp
Smin;9.149000000000001
Smax;14.04
Seq-f;27.619999999999997
Seq-p;24.637999999999998
