Location;Frames_1000000984_MT_Spp
Smin;3.6559999999999997
Smax;33.639
Seq-f;0.3650000000000002
Seq-p;-6.680999999999999
