Location;Frames_1000000852_MT_Spp
Smin;0.2289999999999992
Smax;2.0410000000000004
Seq-f;63.828
Seq-p;51.656
