Location;Frames_1000000161_MX_Spp
Smin;3.0599999999999987
Smax;29.168
Seq-f;54.849000000000004
Seq-p;44.771
