Location;Frames_1000000194_MX_Spp
Smin;10.582
Smax;45.751999999999995
Seq-f;-1.2639999999999993
Seq-p;14.178999999999998
