Location;Frames_1000000462_MX_Spp
Smin;14.107
Smax;57.247
Seq-f;-0.23600000000000065
Seq-p;3.5540000000000003
