Location;Frames_1000000485_MX_Spp
Smin;5.6899999999999995
Smax;27.799
Seq-f;79.018
Seq-p;52.992999999999995
