Location;Frames_1000000662_MT_Spp
Smin;14.633
Smax;28.637999999999998
Seq-f;1.1280000000000001
Seq-p;-7.672000000000001
