Location;Frames_1000000143_MX_Spp
Smin;-7.577999999999999
Smax;28.448999999999998
Seq-f;2.655000000000001
Seq-p;21.816
