Location;Frames_1000000418_MX_Spp
Smin;-1.1099999999999994
Smax;13.106
Seq-f;6.283000000000001
Seq-p;4.548
