Location;Frames_1000000909_MX_Spp
Smin;-0.11400000000000077
Smax;15.183999999999997
Seq-f;14.748000000000001
Seq-p;14.265
