Location;Frames_1000000471_MT_Spp
Smin;8.549
Smax;16.009999999999998
Seq-f;82.36
Seq-p;45.492000000000004
