Location;Frames_1000000738_MT_Spp
Smin;3.7640000000000002
Smax;9.146
Seq-f;-2.315999999999999
Seq-p;-0.8329999999999984
