Location;Frames_1000000477_MT_Spp
Smin;-9.274999999999999
Smax;13.665
Seq-f;12.55
Seq-p;2.0489999999999995
