Location;Frames_1000000575_MT_Spp
Smin;-14.736
Smax;2.6470000000000002
Seq-f;5.8969999999999985
Seq-p;13.675999999999998
