Location;Frames_1000000620_MT_Spp
Smin;-3.0939999999999994
Smax;22.903
Seq-f;26.067
Seq-p;26.287999999999997
