Location;Frames_1000000049_MT_Spp
Smin;-12.062999999999999
Smax;2.6869999999999994
Seq-f;49.25
Seq-p;19.412999999999997
