Location;Frames_1000001035_MX_Spp
Smin;2.8419999999999996
Smax;29.512
Seq-f;-5.015000000000001
Seq-p;-0.7800000000000011
