Location;Frames_1000001090_MT_Spp
Smin;-3.3629999999999995
Smax;22.369999999999997
Seq-f;85.7
Seq-p;52.712999999999994
