Location;Frames_1000000820_MT_Spp
Smin;-8.258
Smax;12.386
Seq-f;12.911999999999999
Seq-p;12.430999999999997
