Location;Frames_1000000890_MX_Spp
Smin;-1.2710000000000008
Smax;27.046
Seq-f;81.701
Seq-p;59.495000000000005
