Location;Frames_1000000860_MT_Spp
Smin;-1.850999999999999
Smax;25.237000000000002
Seq-f;36.1
Seq-p;36.831
