Location;Frames_1000000859_MX_Spp
Smin;-0.08599999999999852
Smax;9.407
Seq-f;19.342
Seq-p;29.921999999999997
