Location;Frames_1000001048_MX_Spp
Smin;-7.908999999999999
Smax;14.256
Seq-f;20.193
Seq-p;29.886000000000003
