Location;Frames_1000001021_MT_Spp
Smin;2.382999999999999
Smax;28.040999999999997
Seq-f;21.803
Seq-p;22.811999999999998
