Location;Frames_1000000153_MX_Spp
Smin;3.349
Smax;50.379
Seq-f;-1.1319999999999997
Seq-p;0.49099999999999966
