Location;Frames_1000000753_MX_Spp
Smin;1.7250000000000014
Smax;26.548000000000002
Seq-f;85.547
Seq-p;54.44
