Location;Frames_1000000931_MX_Spp
Smin;1.2249999999999996
Smax;13.564
Seq-f;-0.734
Seq-p;-7.941000000000001
