Location;Frames_1000001004_MT_Spp
Smin;0.5820000000000007
Smax;5.963999999999999
Seq-f;11.332
Seq-p;10.719000000000001
