Location;Frames_1000000712_MX_Spp
Smin;-0.504999999999999
Smax;81.556
Seq-f;11.652999999999999
Seq-p;20.826
