Location;Frames_1000000290_MX_Spp
Smin;0.9319999999999986
Smax;9.257000000000001
Seq-f;49.263
Seq-p;32.262
