Location;Frames_1000000240_MX_Spp
Smin;-0.4140000000000015
Smax;45.72
Seq-f;12.520000000000003
Seq-p;25.016
