Location;Frames_1000000289_MX_Spp
Smin;-3.1820000000000004
Smax;48.666
Seq-f;6.771000000000001
Seq-p;9.817
