Location;Frames_1000000749_MX_Spp
Smin;-14.532
Smax;12.057000000000002
Seq-f;48.781000000000006
Seq-p;36.299
