Location;Frames_1000000297_MX_Spp
Smin;4.502
Smax;5.866
Seq-f;22.948999999999998
Seq-p;14.347000000000001
