Location;Frames_1000000794_MT_Spp
Smin;-10.943999999999999
Smax;28.237000000000002
Seq-f;23.633000000000003
Seq-p;24.164
