Location;Frames_1000000839_MT_Spp
Smin;-0.6479999999999997
Smax;36.274
Seq-f;3.5280000000000005
Seq-p;0.3960000000000008
