Location;Frames_1000000594_MT_Spp
Smin;0.21099999999999852
Smax;24.145000000000003
Seq-f;92.457
Seq-p;72.717
