Location;Frames_1000000486_MX_Spp
Smin;3.0169999999999995
Smax;27.391
Seq-f;14.149999999999999
Seq-p;21.396
