Location;Frames_1000000253_MT_Spp
Smin;-1.8190000000000008
Smax;-1.6159999999999997
Seq-f;36.645
Seq-p;22.043999999999997
