Location;Frames_1000000018_MT_Spp
Smin;-14.518999999999998
Smax;8.597000000000001
Seq-f;75.034
Seq-p;51.346999999999994
