Location;Frames_1000000132_MX_Spp
Smin;-8.486999999999998
Smax;8.728000000000002
Seq-f;8.043
Seq-p;28.722
