Location;Frames_1000001061_MX_Spp
Smin;-13.318999999999999
Smax;64.895
Seq-f;13.259
Seq-p;26.127000000000002
