Location;Frames_1000000815_MX_Spp
Smin;13.539
Smax;38.952
Seq-f;-1.5099999999999998
Seq-p;2.0730000000000004
