Location;Frames_1000000234_MX_Spp
Smin;-7.914999999999999
Smax;41.219
Seq-f;2.725999999999999
Seq-p;5.963999999999999
