Location;Frames_1000000141_MT_Spp
Smin;1.9520000000000017
Smax;24.637999999999998
Seq-f;41.263
Seq-p;34.51
