Location;Frames_1000000880_MT_Spp
Smin;-10.466999999999999
Smax;-7.077999999999999
Seq-f;28.014000000000003
Seq-p;30.012999999999998
