Location;Frames_1000000480_MX_Spp
Smin;-3.0020000000000007
Smax;-0.45700000000000074
Seq-f;95.205
Seq-p;66.904
