Location;Frames_1000000284_MT_Spp
Smin;4.29
Smax;31.25
Seq-f;-6.978999999999999
Seq-p;7.109000000000002
