Location;Frames_1000000172_MX_Spp
Smin;2.5360000000000014
Smax;9.019
Seq-f;74.128
Seq-p;56.80800000000001
