Location;Frames_1000000690_MX_Spp
Smin;-7.045000000000002
Smax;35.212
Seq-f;7.167999999999999
Seq-p;20.235
