Location;Frames_1000000550_MX_Spp
Smin;11.273
Smax;17.608
Seq-f;-14.684999999999999
Seq-p;-3.7560000000000002
