Location;Frames_1000000198_MX_Spp
Smin;-2.5389999999999997
Smax;21.645000000000003
Seq-f;93.374
Seq-p;63.259
