Location;Frames_1000000616_MT_Spp
Smin;4.299
Smax;12.530999999999999
Seq-f;26.527
Seq-p;23.630000000000003
