Location;Frames_1000000872_MT_Spp
Smin;14.083
Smax;26.394
Seq-f;3.1999999999999993
Seq-p;-2.623000000000001
