Location;Frames_1000000899_MT_Spp
Smin;-16.614
Smax;2.1820000000000004
Seq-f;12.45
Seq-p;4.219000000000001
