Location;Frames_1000000152_MX_Spp
Smin;-37.475
Smax;20.572000000000003
Seq-f;17.207
Seq-p;26.985999999999997
