Location;Frames_1000000138_MX_Spp
Smin;-8.047999999999998
Smax;17.762
Seq-f;18.942999999999998
Seq-p;35.388
