Location;Frames_1000000824_MT_Spp
Smin;7.430999999999999
Smax;40.495
Seq-f;25.325000000000003
Seq-p;35.038
