Location;Frames_1000000857_MX_Spp
Smin;12.629999999999999
Smax;14.027000000000001
Seq-f;11.670000000000002
Seq-p;9.838000000000001
