Location;Frames_1000000640_MT_Spp
Smin;-5.940999999999999
Smax;41.685
Seq-f;85.635
Seq-p;52.346999999999994
