Location;Frames_1000000822_MX_Spp
Smin;1.4540000000000006
Smax;27.840000000000003
Seq-f;8.364999999999998
Seq-p;16.443
