Location;Frames_1000000626_MT_Spp
Smin;-24.746000000000002
Smax;42.743
Seq-f;7.225999999999999
Seq-p;20.286
