Location;Frames_1000000465_MT_Spp
Smin;2.9800000000000004
Smax;94.356
Seq-f;22.801000000000002
Seq-p;5.402000000000001
