Location;Frames_1000000069_MX_Spp
Smin;0.09499999999999886
Smax;22.583
Seq-f;58.31399999999999
Seq-p;40.495
