Location;Frames_1000000456_MX_Spp
Smin;2.7070000000000007
Smax;17.061
Seq-f;-2.785
Seq-p;6.1640000000000015
