Location;Frames_1000001032_MT_Spp
Smin;-0.7940000000000005
Smax;1.4110000000000014
Seq-f;37.366
Seq-p;29.235
