Location;Frames_1000001017_MX_Spp
Smin;1.943999999999999
Smax;7.966000000000001
Seq-f;15.95
Seq-p;16.109
