Location;Frames_1000000237_MX_Spp
Smin;-6.571
Smax;4.051
Seq-f;13.062999999999999
Seq-p;12.431999999999999
