Location;Frames_1000000899_MX_Spp
Smin;2.1820000000000004
Smax;3.479
Seq-f;-9.185
Seq-p;2.7070000000000007
