Location;Frames_1000000382_MX_Spp
Smin;3.319000000000001
Smax;5.502
Seq-f;10.931000000000001
Seq-p;7.917999999999999
