Location;Frames_1000000028_MT_Spp
Smin;-1.6499999999999986
Smax;37.057
Seq-f;1.5990000000000002
Seq-p;13.579
