Location;Frames_1000000174_MT_Spp
Smin;2.6479999999999997
Smax;53.733000000000004
Seq-f;8.975999999999999
Seq-p;15.953
