Location;Frames_1000000210_MT_Spp
Smin;0.7319999999999993
Smax;0.8099999999999987
Seq-f;33.936
Seq-p;29.735
