Location;Frames_1000000982_MT_Spp
Smin;-9.134
Smax;29.840000000000003
Seq-f;1.902000000000001
Seq-p;18.865
