Location;Frames_1000000116_MX_Spp
Smin;1.9849999999999994
Smax;3.3599999999999994
Seq-f;4.417999999999999
Seq-p;7.786999999999999
