Location;Frames_1000000783_MX_Spp
Smin;-5.117000000000001
Smax;48.843999999999994
Seq-f;73.002
Seq-p;51.851
