Location;Frames_1000000590_MX_Spp
Smin;-0.34299999999999997
Smax;12.219999999999999
Seq-f;-4.715999999999999
Seq-p;8.279
