Location;Frames_1000000987_MT_Spp
Smin;-0.8130000000000006
Smax;51.706
Seq-f;8.545000000000002
Seq-p;13.289000000000001
