Location;Frames_1000000655_MT_Spp
Smin;-0.8300000000000001
Smax;3.6400000000000006
Seq-f;1.5210000000000008
Seq-p;11.724
