Location;Frames_1000000803_MT_Spp
Smin;-1.4700000000000006
Smax;41.665
Seq-f;3.4840000000000018
Seq-p;4.431000000000001
