Location;Frames_1000000430_MT_Spp
Smin;6.736000000000001
Smax;12.415999999999997
Seq-f;-15.163
Seq-p;-2.947
