Location;Frames_1000000652_MX_Spp
Smin;3.311
Smax;45.80500000000001
Seq-f;6.0859999999999985
Seq-p;1.4110000000000014
