Location;Frames_1000000955_MX_Spp
Smin;-1.0530000000000008
Smax;40.221
Seq-f;9.236999999999998
Seq-p;9.899999999999999
