Location;Frames_1000000773_MT_Spp
Smin;-7.686
Smax;4.981999999999999
Seq-f;12.559000000000001
Seq-p;13.610999999999997
