Location;Frames_1000000529_MX_Spp
Smin;-0.8569999999999993
Smax;25.755000000000003
Seq-f;61.307
Seq-p;36.181
