Location;Frames_1000000653_MT_Spp
Smin;1.9730000000000008
Smax;10.920000000000002
Seq-f;-3.568999999999999
Seq-p;10.699000000000002
