Location;Frames_1000000034_MX_Spp
Smin;-6.9929999999999986
Smax;47.116
Seq-f;4.699000000000002
Seq-p;13.957
