Location;Frames_1000000075_MX_Spp
Smin;-31.264000000000003
Smax;20.404000000000003
Seq-f;60.616
Seq-p;53.656
