Location;Frames_1000000586_MT_Spp
Smin;-1.3279999999999994
Smax;0.9669999999999987
Seq-f;93.298
Seq-p;67.185
