Location;Frames_1000000702_MT_Spp
Smin;13.118
Smax;16.645
Seq-f;-12.245000000000001
Seq-p;-0.6430000000000007
