Location;Frames_1000000324_MT_Spp
Smin;17.137999999999998
Smax;25.622
Seq-f;-0.8550000000000004
Seq-p;-0.5459999999999994
