Location;Frames_1000000034_MT_Spp
Smin;-2.151
Smax;47.116
Seq-f;2.3619999999999983
Seq-p;15.748999999999999
