Location;Frames_1000001039_MX_Spp
Smin;10.72
Smax;40.898
Seq-f;-2.2119999999999997
Seq-p;3.0779999999999994
