Location;Frames_1000000387_MT_Spp
Smin;12.39
Smax;40.028
Seq-f;4.715999999999999
Seq-p;-1.1799999999999997
