Location;Frames_1000000682_MX_Spp
Smin;-3.4030000000000005
Smax;28.539
Seq-f;24.340000000000003
Seq-p;18.807000000000002
