Location;Frames_1000000512_MT_Spp
Smin;7.462999999999999
Smax;27.947000000000003
Seq-f;29.628999999999998
Seq-p;23.764000000000003
