Location;Frames_1000000856_MX_Spp
Smin;-5.064
Smax;25.720999999999997
Seq-f;14.533999999999999
Seq-p;24.027
