Location;Frames_1000000639_MT_Spp
Smin;-1.1739999999999995
Smax;24.713
Seq-f;25.183999999999997
Seq-p;38.507
