Location;Frames_1000001034_MX_Spp
Smin;-0.8719999999999999
Smax;65.868
Seq-f;55.751999999999995
Seq-p;41.85
