Location;Frames_1000000310_MT_Spp
Smin;-23.926000000000002
Smax;39.73
Seq-f;31.402
Seq-p;20.048000000000002
