Location;Frames_1000000668_MT_Spp
Smin;-3.843
Smax;15.506999999999998
Seq-f;12.579999999999998
Seq-p;11.861999999999998
