Location;Frames_1000000104_MT_Spp
Smin;5.035
Smax;7.297000000000001
Seq-f;20.508
Seq-p;15.276000000000003
