Location;Frames_1000000583_MX_Spp
Smin;-5.405
Smax;9.327
Seq-f;-2.8599999999999994
Seq-p;3.405000000000001
