Location;Frames_1000000906_MT_Spp
Smin;-10.754999999999999
Smax;0.3100000000000005
Seq-f;30.731
Seq-p;36.489
