Location;Frames_1000000551_MX_Spp
Smin;-13.899000000000001
Smax;11.908999999999999
Seq-f;44.501999999999995
Seq-p;37.499
