Location;Frames_1000001112_MT_Spp
Smin;-9.027000000000001
Smax;11.620999999999999
Seq-f;49.415000000000006
Seq-p;58.399
