Location;Frames_1000000725_MT_Spp
Smin;12.235999999999997
Smax;13.837
Seq-f;4.364000000000001
Seq-p;1.4269999999999996
