Location;Frames_1000000790_MT_Spp
Smin;-1.6849999999999987
Smax;13.906999999999996
Seq-f;15.621000000000002
Seq-p;29.276000000000003
