Location;Frames_1000000878_MX_Spp
Smin;11.055
Smax;44.354
Seq-f;7.138000000000002
Seq-p;9.472000000000001
