Location;Frames_1000000859_MT_Spp
Smin;-10.302
Smax;9.407
Seq-f;18.087000000000003
Seq-p;21.267000000000003
