Location;Frames_1000000243_MT_Spp
Smin;-17.463
Smax;15.357999999999997
Seq-f;27.837000000000003
Seq-p;31.645000000000003
