Location;Frames_1000000918_MX_Spp
Smin;-22.197000000000003
Smax;21.156
Seq-f;25.252000000000002
Seq-p;29.238999999999997
