Location;Frames_1000001103_MT_Spp
Smin;-6.221
Smax;7.989999999999998
Seq-f;10.611
Seq-p;8.728000000000002
