Location;Frames_1000000642_MX_Spp
Smin;-17.228
Smax;-15.501000000000001
Seq-f;1.129999999999999
Seq-p;17.563
