Location;Frames_1000000136_MX_Spp
Smin;-6.2330000000000005
Smax;0.625
Seq-f;10.437999999999999
Seq-p;8.555
