Location;Frames_1000000134_MX_Spp
Smin;-9.815999999999999
Smax;11.364999999999998
Seq-f;1.5429999999999993
Seq-p;21.372
