Location;Frames_1000000925_MT_Spp
Smin;-14.915
Smax;31.703000000000003
Seq-f;17.407
Seq-p;23.497999999999998
