Location;Frames_1000000099_MX_Spp
Smin;6.027000000000001
Smax;19.288
Seq-f;-15.607
Seq-p;-16.676000000000002
