Location;Frames_1000000163_MX_Spp
Smin;3.719999999999999
Smax;44.023
Seq-f;31.828000000000003
Seq-p;18.266
