Location;Frames_1000000638_MX_Spp
Smin;17.307
Smax;64.442
Seq-f;-3.853999999999999
Seq-p;3.1660000000000004
