Location;Frames_1000000596_MX_Spp
Smin;-6.779999999999999
Smax;8.702
Seq-f;34.364
Seq-p;19.692999999999998
