Location;Frames_1000000450_MX_Spp
Smin;7.232
Smax;62.346999999999994
Seq-f;-0.8659999999999997
Seq-p;-10.526
