Location;Frames_1000000867_MT_Spp
Smin;-8.806000000000001
Smax;59.495000000000005
Seq-f;8.822
Seq-p;8.518
