Location;Frames_1000000894_MT_Spp
Smin;-24.394
Smax;39.212
Seq-f;10.495000000000001
Seq-p;12.415999999999997
