Location;Frames_1000000070_MT_Spp
Smin;-4.311999999999999
Smax;24.924999999999997
Seq-f;-5.34
Seq-p;12.027000000000001
