Location;Frames_1000000285_MT_Spp
Smin;5.788
Smax;9.402999999999999
Seq-f;14.994999999999997
Seq-p;8.724
