Location;Frames_1000000762_MT_Spp
Smin;12.07
Smax;75.882
Seq-f;8.681999999999999
Seq-p;3.9490000000000016
