Location;Frames_1000000983_MX_Spp
Smin;-1.7560000000000002
Smax;19.551000000000002
Seq-f;10.625
Seq-p;16.885
