Location;Frames_1000000337_MT_Spp
Smin;-3.8739999999999988
Smax;32.156
Seq-f;22.540999999999997
Seq-p;40.102
