Location;Frames_1000000493_MX_Spp
Smin;-4.319000000000001
Smax;14.206000000000003
Seq-f;-5.6899999999999995
Seq-p;2.2089999999999996
