Location;Frames_1000000806_MX_Spp
Smin;-31.912
Smax;2.2280000000000015
Seq-f;22.116999999999997
Seq-p;27.985
