Location;Frames_1000000552_MT_Spp
Smin;-23.956000000000003
Smax;61.821
Seq-f;16.031999999999996
Seq-p;16.78
