Location;Frames_1000000423_MT_Spp
Smin;-8.280999999999999
Smax;20.023000000000003
Seq-f;71.229
Seq-p;45.72
