Location;Frames_1000000326_MT_Spp
Smin;-13.934000000000001
Smax;12.552999999999997
Seq-f;57.712
Seq-p;35.461
