Location;Frames_1000000021_MX_Spp
Smin;3.5489999999999995
Smax;5.8039999999999985
Seq-f;76.409
Seq-p;59.241
