Location;Frames_1000000524_MX_Spp
Smin;-19.834000000000003
Smax;22.695999999999998
Seq-f;56.510000000000005
Seq-p;62.617000000000004
