Location;Frames_1000000696_MT_Spp
Smin;14.29
Smax;29.927999999999997
Seq-f;-8.835
Seq-p;-5.7490000000000006
