Location;Frames_1000000227_MX_Spp
Smin;1.8640000000000008
Smax;30.29
Seq-f;7.754999999999999
Seq-p;17.156
