Location;Frames_1000000266_MX_Spp
Smin;3.0599999999999987
Smax;13.206000000000003
Seq-f;67.236
Seq-p;54.230999999999995
