Location;Frames_1000000882_MX_Spp
Smin;-24.064
Smax;11.815999999999999
Seq-f;28.453000000000003
Seq-p;34.146
