Location;Frames_1000000649_MX_Spp
Smin;3.6389999999999993
Smax;32.415
Seq-f;88.512
Seq-p;61.239000000000004
