Location;Frames_1000001088_MX_Spp
Smin;2.4530000000000003
Smax;45.958
Seq-f;5.212999999999999
Seq-p;9.529
