Location;Frames_1000000978_MT_Spp
Smin;13.548
Smax;63.56999999999999
Seq-f;-1.7639999999999993
Seq-p;0.09299999999999997
