Location;Frames_1000000229_MX_Spp
Smin;1.7100000000000009
Smax;11.489
Seq-f;2.751999999999999
Seq-p;10.079999999999998
