Location;Frames_1000000669_MX_Spp
Smin;13.113
Smax;28.356
Seq-f;1.1430000000000007
Seq-p;-7.077999999999999
