Location;Frames_1000000961_MT_Spp
Smin;-5.369999999999999
Smax;7.646000000000001
Seq-f;41.67
Seq-p;35.39
