Location;Frames_1000001106_MT_Spp
Smin;0.015000000000000568
Smax;20.066
Seq-f;2.686
Seq-p;-0.7979999999999983
