Location;Frames_1000000832_MX_Spp
Smin;-35.071
Smax;2.519
Seq-f;18.072000000000003
Seq-p;30.808999999999997
