Location;Frames_1000000206_MT_Spp
Smin;-13.671
Smax;13.719999999999999
Seq-f;40.777
Seq-p;20.133000000000003
