Location;Frames_1000000734_MX_Spp
Smin;-19.561
Smax;-7.930999999999999
Seq-f;29.619999999999997
Seq-p;27.552
