Location;Frames_1000000148_MT_Spp
Smin;-19.082
Smax;-4.088000000000001
Seq-f;11.058
Seq-p;24.134999999999998
