Location;Frames_1000000110_MX_Spp
Smin;-9.934999999999999
Smax;52.831
Seq-f;41.112
Seq-p;58.647000000000006
