Location;Frames_1000000210_MX_Spp
Smin;-4.938000000000001
Smax;0.8099999999999987
Seq-f;85.284
Seq-p;54.44199999999999
