Location;Frames_1000000912_MX_Spp
Smin;-19.088
Smax;19.567
Seq-f;13.321000000000002
Seq-p;6.847000000000001
