Location;Frames_1000000643_MT_Spp
Smin;-6.675000000000001
Smax;12.886000000000003
Seq-f;6.277999999999999
Seq-p;30.153
