Location;Frames_1000000716_MX_Spp
Smin;-13.405999999999999
Smax;38.615
Seq-f;15.239
Seq-p;14.667000000000002
