Location;Frames_1000000750_MX_Spp
Smin;-6.039999999999999
Smax;31.762
Seq-f;12.065000000000001
Seq-p;14.142
