Location;Frames_1000000753_MT_Spp
Smin;-15.635000000000002
Smax;26.548000000000002
Seq-f;33.207
Seq-p;41.416
