Location;Frames_1000000565_MX_Spp
Smin;4.11
Smax;8.472999999999999
Seq-f;-0.1999999999999993
Seq-p;3.523999999999999
