Location;Frames_1000000073_MX_Spp
Smin;-2.9819999999999993
Smax;-2.064
Seq-f;83.877
Seq-p;56.043000000000006
