Location;Frames_1000000557_MT_Spp
Smin;-30.343000000000004
Smax;26.375999999999998
Seq-f;11.812999999999999
Seq-p;27.61
