Location;Frames_1000000350_MT_Spp
Smin;-5.989000000000001
Smax;33.204
Seq-f;26.006
Seq-p;15.569000000000003
