Location;Frames_1000000674_MT_Spp
Smin;-6.364999999999998
Smax;26.404000000000003
Seq-f;21.371
Seq-p;29.527
