Location;Frames_1000000423_MX_Spp
Smin;4.395
Smax;20.023000000000003
Seq-f;1.5700000000000003
Seq-p;9.149000000000001
