Location;Frames_1000000972_MT_Spp
Smin;-7.390000000000001
Smax;0.41300000000000026
Seq-f;42.221
Seq-p;27.039
