Location;Frames_1000000743_MX_Spp
Smin;0.786999999999999
Smax;38.87
Seq-f;8.399999999999999
Seq-p;21.392000000000003
