Location;Frames_1000000190_MX_Spp
Smin;-2.370000000000001
Smax;28.079
Seq-f;12.506999999999998
Seq-p;37.73
