Location;Frames_1000000608_MX_Spp
Smin;-6.239999999999998
Smax;7.382999999999999
Seq-f;36.634
Seq-p;39.692
