Location;Frames_1000000751_MT_Spp
Smin;-4.4460000000000015
Smax;58.998999999999995
Seq-f;36.641
Seq-p;34.722
