Location;Frames_1000000757_MX_Spp
Smin;-13.68
Smax;25.372999999999998
Seq-f;5.963000000000001
Seq-p;15.451999999999998
