Location;Frames_1000000358_MT_Spp
Smin;4.154
Smax;12.982
Seq-f;5.1320000000000014
Seq-p;2.5360000000000014
