Location;Frames_1000000519_MT_Spp
Smin;8.555
Smax;10.178999999999998
Seq-f;-6.281000000000001
Seq-p;-17.224
