Location;Frames_1000000795_MT_Spp
Smin;-5.0539999999999985
Smax;28.022
Seq-f;1.2310000000000016
Seq-p;3.343
