Location;Frames_1000000528_MT_Spp
Smin;-7.8530000000000015
Smax;23.732999999999997
Seq-f;94.404
Seq-p;76.141
