Location;Frames_1000000371_MX_Spp
Smin;-3.4779999999999998
Smax;38.912
Seq-f;35.213
Seq-p;19.551000000000002
