Location;Frames_1000000176_MX_Spp
Smin;9.865
Smax;13.341000000000001
Seq-f;-4.723000000000001
Seq-p;10.120999999999999
