Location;Frames_1000000545_MT_Spp
Smin;8.548
Smax;24.868000000000002
Seq-f;11.050999999999998
Seq-p;18.411
