Location;Frames_1000000747_MT_Spp
Smin;-0.4920000000000009
Smax;22.253999999999998
Seq-f;0.7469999999999999
Seq-p;21.425
