Location;Frames_1000000276_MT_Spp
Smin;-3.7489999999999988
Smax;9.324
Seq-f;20.387999999999998
Seq-p;25.543
