Location;Frames_1000000393_MX_Spp
Smin;0.8219999999999992
Smax;30.558
Seq-f;29.595
Seq-p;19.884999999999998
