Location;Frames_1000000898_MT_Spp
Smin;17.735
Smax;67.042
Seq-f;-16.759999999999998
Seq-p;-15.966999999999999
