Location;Frames_1000000763_MT_Spp
Smin;0.6159999999999997
Smax;1.2289999999999992
Seq-f;5.606
Seq-p;3.3580000000000005
