Location;Frames_1000000013_MX_Spp
Smin;4.066000000000001
Smax;49.598
Seq-f;-2.1020000000000003
Seq-p;1.9740000000000002
