Location;Frames_1000000652_MT_Spp
Smin;13.354
Smax;45.80500000000001
Seq-f;-1.3629999999999995
Seq-p;-9.703
