Location;Frames_1000000749_MT_Spp
Smin;-2.2089999999999996
Smax;12.057000000000002
Seq-f;26.904000000000003
Seq-p;31.097
