Location;Frames_1000000923_MX_Spp
Smin;-2.5330000000000013
Smax;59.867999999999995
Seq-f;9.665
Seq-p;29.371000000000002
