Location;Frames_1000001093_MX_Spp
Smin;-10.245999999999999
Smax;64.327
Seq-f;6.7890000000000015
Seq-p;8.370999999999999
