Location;Frames_1000000207_MX_Spp
Smin;3.6610000000000014
Smax;46.466
Seq-f;88.585
Seq-p;61.263000000000005
