Location;Frames_1000000597_MX_Spp
Smin;-4.244999999999999
Smax;28.656
Seq-f;80.924
Seq-p;51.212999999999994
