Location;Frames_1000000556_MX_Spp
Smin;7.510999999999999
Smax;9.552
Seq-f;40.93
Seq-p;25.174999999999997
