Location;Frames_1000001085_MX_Spp
Smin;-7.574
Smax;4.544
Seq-f;-1.9860000000000007
Seq-p;-0.34299999999999997
