Location;Frames_1000000157_MT_Spp
Smin;12.719000000000001
Smax;25.616
Seq-f;13.504000000000001
Seq-p;10.736
