Location;Frames_1000000656_MX_Spp
Smin;-17.707
Smax;-4.813000000000001
Seq-f;31.616
Seq-p;28.944000000000003
