Location;Frames_1000000804_MT_Spp
Smin;-33.934
Smax;-0.7850000000000001
Seq-f;60.403999999999996
Seq-p;61.144999999999996
