Location;Frames_1000000337_MX_Spp
Smin;4.941000000000001
Smax;32.156
Seq-f;35.207
Seq-p;27.712000000000003
