Location;Frames_1000001087_MX_Spp
Smin;-8.388000000000002
Smax;6.239000000000001
Seq-f;41.376
Seq-p;46.693
