Location;Frames_1000000420_MX_Spp
Smin;1.1010000000000009
Smax;2.439
Seq-f;3.699
Seq-p;-2.1209999999999987
