Location;Frames_1000000374_MT_Spp
Smin;3.6849999999999996
Smax;30.415
Seq-f;6.945
Seq-p;3.876999999999999
