Location;Frames_1000000285_MX_Spp
Smin;-5.164
Smax;9.402999999999999
Seq-f;-1.9499999999999993
Seq-p;13.655999999999999
