Location;Frames_1000000804_MX_Spp
Smin;-11.684999999999999
Smax;-0.7850000000000001
Seq-f;38.937
Seq-p;42.108
