Location;Frames_1000000142_MX_Spp
Smin;3.3179999999999996
Smax;20.858
Seq-f;-12.672
Seq-p;-0.7850000000000001
