Location;Frames_1000001104_MX_Spp
Smin;-7.991
Smax;19.009
Seq-f;-8.181000000000001
Seq-p;-7.5120000000000005
