Location;Frames_1000000397_MT_Spp
Smin;14.370000000000001
Smax;40.152
Seq-f;2.0020000000000007
Seq-p;-5.103
