Location;Frames_1000000514_MT_Spp
Smin;-11.111999999999998
Smax;13.343
Seq-f;30.624000000000002
Seq-p;18.705
