Location;Frames_1000000775_MT_Spp
Smin;13.608
Smax;49.812
Seq-f;0.6839999999999993
Seq-p;-6.382999999999999
