Location;Frames_1000000064_MT_Spp
Smin;-1.4450000000000003
Smax;2.849
Seq-f;6.748000000000001
Seq-p;25.909999999999997
