Location;Frames_1000000911_MX_Spp
Smin;-22.165999999999997
Smax;22.340000000000003
Seq-f;12.070999999999998
Seq-p;27.840000000000003
