Location;Frames_1000000500_MX_Spp
Smin;7.941000000000001
Smax;47.669
Seq-f;58.992999999999995
Seq-p;30.898000000000003
