Location;Frames_1000000306_MT_Spp
Smin;-10.05
Smax;-1.9429999999999996
Seq-f;27.256999999999998
Seq-p;22.113999999999997
