Location;Frames_1000000923_MT_Spp
Smin;-3.0799999999999983
Smax;59.867999999999995
Seq-f;35.258
Seq-p;26.036
