Location;Frames_1000000168_MT_Spp
Smin;-12.544
Smax;14.801000000000002
Seq-f;65.132
Seq-p;55.751999999999995
