Location;Frames_1000000563_MT_Spp
Smin;0.9250000000000007
Smax;13.076999999999998
Seq-f;11.527999999999999
Seq-p;1.3419999999999987
