Location;Frames_1000000922_MX_Spp
Smin;10.405
Smax;33.991
Seq-f;7.957000000000001
Seq-p;-5.7170000000000005
