Location;Frames_1000000426_MT_Spp
Smin;-2.7910000000000004
Smax;29.106
Seq-f;21.262999999999998
Seq-p;32.085
