Location;Frames_1000000441_MT_Spp
Smin;-1.0579999999999998
Smax;25.037999999999997
Seq-f;67.856
Seq-p;43.98
