Location;Frames_1000000691_MX_Spp
Smin;-4.932
Smax;1.9879999999999995
Seq-f;36.423
Seq-p;27.927999999999997
