Location;Frames_1000000073_MT_Spp
Smin;-5.715
Smax;-2.9819999999999993
Seq-f;-1.338000000000001
Seq-p;4.5169999999999995
