Location;Frames_1000000126_MX_Spp
Smin;-6.713999999999999
Smax;15.276000000000003
Seq-f;41.729
Seq-p;36.548
