Location;Frames_1000000631_MT_Spp
Smin;-10.29
Smax;15.463000000000001
Seq-f;7.3260000000000005
Seq-p;-1.2300000000000004
