Location;Frames_1000000189_MX_Spp
Smin;3.2880000000000003
Smax;23.732
Seq-f;15.667000000000002
Seq-p;25.397
