Location;Frames_1000000012_MT_Spp
Smin;-6.931999999999999
Smax;13.718000000000004
Seq-f;67.285
Seq-p;54.596999999999994
