Location;Frames_1000001035_MT_Spp
Smin;2.146
Smax;29.512
Seq-f;4.369999999999999
Seq-p;-1.7910000000000004
