Location;Frames_1000000299_MT_Spp
Smin;-7.591000000000001
Smax;7.306999999999999
Seq-f;35.418
Seq-p;47.306
