Location;Frames_1000000020_MT_Spp
Smin;0.05000000000000071
Smax;38.121
Seq-f;9.158999999999999
Seq-p;14.654
