Location;Frames_1000000305_MX_Spp
Smin;-4.698
Smax;16.094
Seq-f;-1.9770000000000003
Seq-p;-1.3909999999999982
