Location;Frames_1000001056_MX_Spp
Smin;-26.784
Smax;23.604999999999997
Seq-f;22.310000000000002
Seq-p;23.612000000000002
