Location;Frames_1000001087_MT_Spp
Smin;6.239000000000001
Smax;17.933
Seq-f;-6.029999999999999
Seq-p;-4.71
