Location;Frames_1000001059_MT_Spp
Smin;0.3990000000000009
Smax;29.595999999999997
Seq-f;18.575000000000003
Seq-p;31.695
