Location;Frames_1000000755_MX_Spp
Smin;2.2379999999999995
Smax;15.767000000000003
Seq-f;39.833
Seq-p;43.682
