Location;Frames_1000000246_MT_Spp
Smin;-5.086
Smax;40.617
Seq-f;6.547000000000001
Seq-p;7.986999999999998
