Location;Frames_1000001050_MT_Spp
Smin;0.49099999999999966
Smax;2.2609999999999992
Seq-f;102.12
Seq-p;69.449
