Location;Frames_1000000114_MT_Spp
Smin;5.667999999999999
Smax;13.908999999999999
Seq-f;103.916
Seq-p;60.867000000000004
