Location;Frames_1000000774_MT_Spp
Smin;2.442
Smax;35.388
Seq-f;-1.466000000000001
Seq-p;5.449000000000002
