Location;Frames_1000000130_MX_Spp
Smin;10.617
Smax;13.588999999999999
Seq-f;14.799
Seq-p;13.301000000000002
