Location;Frames_1000000156_MX_Spp
Smin;-4.388
Smax;8.027999999999999
Seq-f;34.691
Seq-p;19.676000000000002
