Location;Frames_1000000625_MX_Spp
Smin;-9.844000000000001
Smax;18.772
Seq-f;48.849000000000004
Seq-p;50.495
