Location;Frames_1000000050_MX_Spp
Smin;-7.282
Smax;1.373000000000001
Seq-f;2.001999999999999
Seq-p;22.886000000000003
