Location;Frames_1000000468_MX_Spp
Smin;-8.834
Smax;30.554000000000002
Seq-f;13.350999999999999
Seq-p;32.34
