Location;Frames_1000000282_MX_Spp
Smin;-9.481000000000002
Smax;57.632000000000005
Seq-f;24.284999999999997
Seq-p;25.417
