Location;Frames_1000000141_MX_Spp
Smin;-3.4979999999999993
Smax;24.637999999999998
Seq-f;34.812
Seq-p;39.913
