Location;Frames_1000000299_MX_Spp
Smin;-5.5329999999999995
Smax;7.306999999999999
Seq-f;98.854
Seq-p;77.399
