Location;Frames_1000000886_MT_Spp
Smin;-8.236999999999998
Smax;24.424999999999997
Seq-f;42.68
Seq-p;35.307
