Location;Frames_1000000847_MX_Spp
Smin;13.783999999999999
Smax;17.854
Seq-f;3.8480000000000008
Seq-p;-7.67
