Location;Frames_1000000309_MX_Spp
Smin;-6.178
Smax;5.587999999999999
Seq-f;19.783
Seq-p;7.350000000000001
