Location;Frames_1000000540_MT_Spp
Smin;-19.518
Smax;23.773000000000003
Seq-f;49.934
Seq-p;47.632000000000005
