Location;Frames_1000000875_MX_Spp
Smin;16.173000000000002
Smax;68.36
Seq-f;16.052
Seq-p;1.161999999999999
