Location;Frames_1000000537_MT_Spp
Smin;0.09299999999999997
Smax;8.332
Seq-f;34.606
Seq-p;19.307000000000002
