Location;Frames_1000000155_MX_Spp
Smin;-1.6709999999999994
Smax;5.8820000000000014
Seq-f;85.783
Seq-p;49.681
