Location;Frames_1000000763_MX_Spp
Smin;-2.434000000000001
Smax;1.2289999999999992
Seq-f;13.984000000000002
Seq-p;14.390999999999998
