Location;Frames_1000000361_MT_Spp
Smin;7.109000000000002
Smax;11.175
Seq-f;31.037999999999997
Seq-p;31.906
