Location;Frames_1000000395_MT_Spp
Smin;-1.6509999999999998
Smax;0.36100000000000065
Seq-f;64.353
Seq-p;43.536
