Location;Frames_1000000670_MX_Spp
Smin;0.5109999999999992
Smax;14.347000000000001
Seq-f;9.024000000000001
Seq-p;22.253999999999998
