Location;Frames_1000000370_MX_Spp
Smin;-14.829999999999998
Smax;-2.4830000000000005
Seq-f;19.063000000000002
Seq-p;37.324
