Location;Frames_1000000454_MX_Spp
Smin;2.585000000000001
Smax;25.898000000000003
Seq-f;101.436
Seq-p;63.071
