Location;Frames_1000001006_MX_Spp
Smin;-6.966999999999999
Smax;-0.940999999999999
Seq-f;20.919
Seq-p;15.514000000000003
