Location;Frames_1000000107_MT_Spp
Smin;5.648
Smax;15.896999999999998
Seq-f;29.241999999999997
Seq-p;33.168
