Location;Frames_1000000920_MT_Spp
Smin;-22.020000000000003
Smax;-4.338
Seq-f;58.622
Seq-p;44.81399999999999
