Location;Frames_1000000606_MT_Spp
Smin;13.405000000000001
Smax;14.184000000000001
Seq-f;2.2119999999999997
Seq-p;5.324
