Location;Frames_1000000109_MX_Spp
Smin;-7.875
Smax;30.270000000000003
Seq-f;47.868
Seq-p;31.073999999999998
