Location;Frames_1000000527_MT_Spp
Smin;6.744999999999999
Smax;31.139000000000003
Seq-f;30.072000000000003
Seq-p;37.418
