Location;Frames_1000000126_MT_Spp
Smin;-3.426
Smax;15.276000000000003
Seq-f;66.827
Seq-p;50.385999999999996
