Location;Frames_1000000032_MX_Spp
Smin;5.19
Smax;13.82
Seq-f;2.0779999999999994
Seq-p;-0.8539999999999992
