Location;Frames_1000000219_MX_Spp
Smin;13.889000000000003
Smax;18.262999999999998
Seq-f;-17.195
Seq-p;-6.356
