Location;Frames_1000000614_MT_Spp
Smin;0.7889999999999997
Smax;5.103999999999999
Seq-f;17.957
Seq-p;15.599
