Location;Frames_1000000014_MT_Spp
Smin;-18.404
Smax;6.428000000000001
Seq-f;22.348999999999997
Seq-p;34.241
