Location;Frames_1000000260_MT_Spp
Smin;2.7190000000000003
Smax;16.198
Seq-f;13.415
Seq-p;13.678999999999998
