Location;Frames_1000000837_MX_Spp
Smin;1.0150000000000006
Smax;15.396999999999998
Seq-f;8.456
Seq-p;3.84
