Location;Frames_1000000228_MT_Spp
Smin;-16.902
Smax;6.6739999999999995
Seq-f;49.89
Seq-p;26.110999999999997
