Location;Frames_1000000835_MT_Spp
Smin;-20.651000000000003
Smax;55.965999999999994
Seq-f;51.230000000000004
Seq-p;54.001999999999995
