Location;Frames_1000000147_MT_Spp
Smin;2.8970000000000002
Smax;46.378
Seq-f;43.845
Seq-p;20.947000000000003
