Location;Frames_1000000560_MX_Spp
Smin;-2.9830000000000005
Smax;27.353
Seq-f;-7.026
Seq-p;-0.11499999999999844
