Location;Frames_1000001073_MX_Spp
Smin;-0.8610000000000007
Smax;3.5540000000000003
Seq-f;24.35
Seq-p;19.302
