Location;Frames_1000000999_MT_Spp
Smin;0.8849999999999998
Smax;55.586
Seq-f;13.158000000000001
Seq-p;3.343
