Location;Frames_1000000018_MX_Spp
Smin;-20.931
Smax;8.597000000000001
Seq-f;20.802999999999997
Seq-p;28.796
