Location;Frames_1000000372_MX_Spp
Smin;-11.231000000000002
Smax;44.837
Seq-f;11.222999999999999
Seq-p;11.854
