Location;Frames_1000000396_MX_Spp
Smin;12.024000000000001
Smax;25.359
Seq-f;51.211
Seq-p;30.695999999999998
