Location;Frames_1000000730_MX_Spp
Smin;7.186999999999999
Smax;10.120999999999999
Seq-f;69.65
Seq-p;42.633
