Location;Frames_1000000467_MX_Spp
Smin;-9.017
Smax;22.633000000000003
Seq-f;12.125
Seq-p;21.851999999999997
