Location;Frames_1000000211_MT_Spp
Smin;-0.6430000000000007
Smax;14.177
Seq-f;32.093
Seq-p;14.924999999999997
