Location;Frames_1000001102_MT_Spp
Smin;13.251999999999999
Smax;19.601
Seq-f;-15.129999999999999
Seq-p;-6.577
