Location;Frames_1000001053_MX_Spp
Smin;-17.744
Smax;29.499000000000002
Seq-f;12.354999999999997
Seq-p;21.659
