Location;Frames_1000000182_MT_Spp
Smin;-7.768000000000001
Smax;9.353000000000002
Seq-f;16.546
Seq-p;18.448999999999998
