Location;Frames_1000001055_MX_Spp
Smin;2.0919999999999996
Smax;5.134
Seq-f;-5.582000000000001
Seq-p;-1.7689999999999984
