Location;Frames_1000000373_MX_Spp
Smin;-2.257999999999999
Smax;42.06
Seq-f;12.386
Seq-p;5.763000000000002
