Location;Frames_1000000587_MX_Spp
Smin;-13.764
Smax;-7.5120000000000005
Seq-f;42.724
Seq-p;27.070999999999998
