Location;Frames_1000000298_MX_Spp
Smin;-2.0109999999999992
Smax;1.3709999999999987
Seq-f;92.315
Seq-p;64.602
