Location;Frames_1000000083_MT_Spp
Smin;13.344000000000001
Smax;28.694000000000003
Seq-f;6.885000000000002
Seq-p;2.338000000000001
