Location;Frames_1000000125_MT_Spp
Smin;-5.2719999999999985
Smax;43.364
Seq-f;12.790999999999997
Seq-p;28.036
