Location;Frames_1000000283_MT_Spp
Smin;-5.120000000000001
Smax;55.458
Seq-f;20.811
Seq-p;27.069000000000003
