Location;Frames_1000000315_MT_Spp
Smin;14.068
Smax;17.445
Seq-f;-3.7060000000000004
Seq-p;-1.6530000000000005
