Location;Frames_1000001017_MT_Spp
Smin;-2.9250000000000007
Smax;7.966000000000001
Seq-f;15.619
Seq-p;28.576
