Location;Frames_1000000717_MX_Spp
Smin;-8.414
Smax;13.341000000000001
Seq-f;12.024999999999999
Seq-p;4.773
