Location;Frames_1000000184_MT_Spp
Smin;-5.989000000000001
Smax;60.867000000000004
Seq-f;14.649999999999999
Seq-p;13.732999999999997
