Location;Frames_1000000949_MX_Spp
Smin;-8.556999999999999
Smax;18.936
Seq-f;-1.6720000000000006
Seq-p;16.283
