Location;Frames_1000000472_MX_Spp
Smin;1.8399999999999999
Smax;57.32899999999999
Seq-f;96.705
Seq-p;66.661
