Location;Frames_1000000913_MX_Spp
Smin;-8.364
Smax;-2.3979999999999997
Seq-f;-7.587999999999999
Seq-p;8.672
