Location;Frames_1000001010_MX_Spp
Smin;-10.512
Smax;43.383
Seq-f;26.363999999999997
Seq-p;22.470999999999997
