Location;Frames_1000000113_MT_Spp
Smin;13.41
Smax;31.033
Seq-f;-5.090999999999999
Seq-p;7.4559999999999995
