Location;Frames_1000001038_MT_Spp
Smin;13.957
Smax;14.661999999999999
Seq-f;-2.3499999999999996
Seq-p;-9.26
