Location;Frames_1000000648_MX_Spp
Smin;1.193999999999999
Smax;4.57
Seq-f;16.281999999999996
Seq-p;10.167000000000002
