Location;Frames_1000000563_MX_Spp
Smin;-3.7029999999999994
Smax;13.076999999999998
Seq-f;37.281
Seq-p;29.191000000000003
