Location;Frames_1000001077_MX_Spp
Smin;-2.91
Smax;-0.5749999999999993
Seq-f;10.809000000000001
Seq-p;11.352
