Location;Frames_1000001094_MX_Spp
Smin;-11.943000000000001
Smax;1.6720000000000006
Seq-f;4.763000000000002
Seq-p;13.537999999999997
