Location;Frames_1000000603_MT_Spp
Smin;-9.071000000000002
Smax;55.596999999999994
Seq-f;30.531
Seq-p;18.113999999999997
