Location;Frames_1000001014_MT_Spp
Smin;14.221
Smax;33.243
Seq-f;-2.6799999999999997
Seq-p;-1.3599999999999994
