Location;Frames_1000000137_MX_Spp
Smin;-10.859000000000002
Smax;25.15
Seq-f;-0.3019999999999996
Seq-p;9.239
