Location;Frames_1000001024_MT_Spp
Smin;-15.241
Smax;9.472000000000001
Seq-f;7.658000000000001
Seq-p;30.418
