Location;Frames_1000000618_MX_Spp
Smin;19.303
Smax;27.253999999999998
Seq-f;-7.9719999999999995
Seq-p;-18.036
