Location;Frames_1000000871_MT_Spp
Smin;-18.005
Smax;-0.11499999999999844
Seq-f;17.020000000000003
Seq-p;33.052
