Location;Frames_1000000138_MT_Spp
Smin;14.202
Smax;17.762
Seq-f;5.187999999999999
Seq-p;2.5120000000000005
