Location;Frames_1000001108_MT_Spp
Smin;-6.801
Smax;-6.609999999999999
Seq-f;31.435000000000002
Seq-p;34.032
