Location;Frames_1000000877_MX_Spp
Smin;-5.555999999999999
Smax;12.795
Seq-f;15.786000000000001
Seq-p;13.623999999999999
