Location;Frames_1000000740_MX_Spp
Smin;-6.585000000000001
Smax;11.408999999999999
Seq-f;90.398
Seq-p;60.086
