Location;Frames_1000000186_MT_Spp
Smin;6.952
Smax;55.525000000000006
Seq-f;3.1099999999999994
Seq-p;10.052
