Location;Frames_1000000341_MT_Spp
Smin;5.131
Smax;23.255000000000003
Seq-f;23.133000000000003
Seq-p;14.543999999999997
