Location;Frames_1000000194_MT_Spp
Smin;-1.3320000000000007
Smax;45.751999999999995
Seq-f;101.254
Seq-p;81.779
