Location;Frames_1000000352_MX_Spp
Smin;-14.91
Smax;52.084
Seq-f;10.027000000000001
Seq-p;23.604999999999997
