Location;Frames_1000000696_MX_Spp
Smin;13.233
Smax;29.927999999999997
Seq-f;-3.696999999999999
Seq-p;4.553000000000001
