Location;Frames_1000000225_MX_Spp
Smin;6.515000000000001
Smax;41.185
Seq-f;96.537
Seq-p;58.260000000000005
