Location;Frames_1000000617_MT_Spp
Smin;3.0569999999999986
Smax;13.719999999999999
Seq-f;10.887
Seq-p;15.500999999999998
