Location;Frames_1000000925_MX_Spp
Smin;-9.021
Smax;31.703000000000003
Seq-f;26.060000000000002
Seq-p;38.979
