Location;Frames_1000000793_MX_Spp
Smin;6.6690000000000005
Smax;37.361
Seq-f;16.842
Seq-p;0.41300000000000026
