Location;Frames_1000000865_MX_Spp
Smin;4.849
Smax;22.07
Seq-f;-1.4890000000000008
Seq-p;13.486999999999998
