Location;Frames_1000000752_MX_Spp
Smin;-2.7509999999999994
Smax;40.742
Seq-f;8.870999999999999
Seq-p;4.937000000000001
