Location;Frames_1000000336_MT_Spp
Smin;-4.937999999999999
Smax;45.658
Seq-f;5.888999999999999
Seq-p;17.374000000000002
