Location;Frames_1000000933_MT_Spp
Smin;-24.054000000000002
Smax;0.1590000000000007
Seq-f;31.834000000000003
Seq-p;30.404000000000003
