Location;Frames_1000000399_MX_Spp
Smin;-6.678000000000001
Smax;15.449000000000002
Seq-f;14.149999999999999
Seq-p;15.767000000000003
