Location;Frames_1000000405_MT_Spp
Smin;-0.46000000000000085
Smax;15.049
Seq-f;28.241
Seq-p;15.637999999999998
