Location;Frames_1000000708_MT_Spp
Smin;0.7480000000000011
Smax;7.061999999999999
Seq-f;24.357
Seq-p;23.689
