Location;Frames_1000000460_MX_Spp
Smin;3.5300000000000002
Smax;6.547999999999998
Seq-f;-5.167
Seq-p;7.434000000000001
