Location;Frames_1000000579_MX_Spp
Smin;-7.597000000000001
Smax;10.454999999999998
Seq-f;14.466000000000001
Seq-p;25.865000000000002
