Location;Frames_1000001100_MX_Spp
Smin;-10.428999999999998
Smax;53.905
Seq-f;12.319000000000003
Seq-p;22.926000000000002
