Location;Frames_1000000183_MX_Spp
Smin;0.2240000000000002
Smax;45.93000000000001
Seq-f;64.098
Seq-p;48.279
