Location;Frames_1000000727_MT_Spp
Smin;-3.4030000000000005
Smax;59.217
Seq-f;26.805
Seq-p;12.695999999999998
