Location;Frames_1000000841_MT_Spp
Smin;-9.149000000000001
Smax;20.393
Seq-f;12.024000000000001
Seq-p;28.524
