Location;Frames_1000000740_MT_Spp
Smin;-7.588000000000001
Smax;11.408999999999999
Seq-f;11.744
Seq-p;20.539
