Location;Frames_1000000394_MT_Spp
Smin;-22.781999999999996
Smax;74.158
Seq-f;31.546999999999997
Seq-p;29.845999999999997
