Location;Frames_1000000367_MX_Spp
Smin;-6.82
Smax;-4.876000000000001
Seq-f;42.025
Seq-p;45.614000000000004
