Location;Frames_1000000812_MX_Spp
Smin;3.7990000000000004
Smax;69.494
Seq-f;-3.7489999999999988
Seq-p;7.989999999999998
