Location;Frames_1000000981_MT_Spp
Smin;-4.768999999999998
Smax;14.667000000000002
Seq-f;2.9959999999999987
Seq-p;6.045000000000002
