Location;Frames_1000000530_MT_Spp
Smin;-5.140999999999998
Smax;8.873000000000001
Seq-f;40.341
Seq-p;49.619
