Location;Frames_1000000864_MX_Spp
Smin;-1.4649999999999999
Smax;12.639
Seq-f;18.962000000000003
Seq-p;12.902999999999999
