Location;Frames_1000000733_MX_Spp
Smin;-10.45
Smax;23.301000000000002
Seq-f;15.472999999999999
Seq-p;38.515
