Location;Frames_1000000748_MT_Spp
Smin;0.24099999999999966
Smax;42.761
Seq-f;34.014
Seq-p;26.232999999999997
