Location;Frames_1000000077_MX_Spp
Smin;-8.629000000000001
Smax;37.039
Seq-f;7.748000000000001
Seq-p;18.381
