Location;Frames_1000000218_MX_Spp
Smin;-4.776999999999999
Smax;12.512
Seq-f;11.629999999999999
Seq-p;22.235999999999997
