Location;Frames_1000000885_MT_Spp
Smin;4.417
Smax;61.212999999999994
Seq-f;33.536
Seq-p;25.755000000000003
