Location;Frames_1000000276_MX_Spp
Smin;-3.7489999999999988
Smax;1.6039999999999992
Seq-f;37.803
Seq-p;39.359
