Location;Frames_1000000572_MT_Spp
Smin;-12.754999999999999
Smax;31.862000000000002
Seq-f;14.347999999999999
Seq-p;23.677
