Location;Frames_1000001082_MX_Spp
Smin;1.6660000000000004
Smax;40.734
Seq-f;8.425999999999998
Seq-p;7.899999999999999
