Location;Frames_1000000245_MT_Spp
Smin;-13.193999999999999
Smax;18.524
Seq-f;25.244999999999997
Seq-p;28.433
