Location;Frames_1000000836_MX_Spp
Smin;-10.456
Smax;23.612000000000002
Seq-f;1.9269999999999996
Seq-p;21.361
