Location;Frames_1000001024_MX_Spp
Smin;-3.6180000000000003
Smax;9.472000000000001
Seq-f;9.893999999999998
Seq-p;16.394
