Location;Frames_1000000820_MX_Spp
Smin;9.189
Smax;12.386
Seq-f;20.866999999999997
Seq-p;26.090000000000003
