Location;Frames_1000000290_MT_Spp
Smin;3.322
Smax;9.257000000000001
Seq-f;2.9459999999999997
Seq-p;2.9610000000000003
