Location;Frames_1000000498_MT_Spp
Smin;-8.881
Smax;0.2270000000000003
Seq-f;9.639
Seq-p;5.329999999999998
