Location;Frames_1000000539_MT_Spp
Smin;-0.9400000000000013
Smax;58.625
Seq-f;26.930999999999997
Seq-p;20.08
