Location;Frames_1000000857_MT_Spp
Smin;-16.099
Smax;14.027000000000001
Seq-f;52.666
Seq-p;55.525000000000006
