Location;Frames_1000000779_MX_Spp
Smin;2.2619999999999996
Smax;10.447
Seq-f;-3.942
Seq-p;0.7480000000000011
