Location;Frames_1000000297_MT_Spp
Smin;2.2950000000000017
Smax;5.866
Seq-f;2.806000000000001
Seq-p;23.909
