Location;Frames_1000000209_MX_Spp
Smin;-3.196999999999999
Smax;12.493000000000002
Seq-f;86.699
Seq-p;58.166
