Location;Frames_1000000136_MT_Spp
Smin;0.625
Smax;2.6130000000000004
Seq-f;18.601
Seq-p;22.673000000000002
