Location;Frames_1000000269_MT_Spp
Smin;12.879
Smax;28.904000000000003
Seq-f;33.65
Seq-p;20.142000000000003
