Location;Frames_1000000545_MX_Spp
Smin;2.2720000000000002
Smax;24.868000000000002
Seq-f;22.338
Seq-p;15.802999999999997
