Location;Frames_1000000056_MX_Spp
Smin;-16.726
Smax;0.12199999999999989
Seq-f;2.9770000000000003
Seq-p;-0.7310000000000016
