Location;Frames_1000000891_MT_Spp
Smin;-3.4299999999999997
Smax;62.896
Seq-f;37.858
Seq-p;27.320999999999998
