Location;Frames_1000000579_MT_Spp
Smin;7.691000000000001
Smax;10.454999999999998
Seq-f;11.39
Seq-p;4.126000000000001
