Location;Frames_1000000745_MT_Spp
Smin;3.8900000000000006
Smax;19.886000000000003
Seq-f;33.462
Seq-p;8.41
