Location;Frames_1000000393_MT_Spp
Smin;2.6479999999999997
Smax;30.558
Seq-f;-2.399
Seq-p;1.7159999999999993
