Location;Frames_1000000816_MX_Spp
Smin;17.240000000000002
Smax;32.992
Seq-f;-5.674
Seq-p;-3.9109999999999996
