Location;Frames_1000000219_MT_Spp
Smin;-4.193
Smax;13.889000000000003
Seq-f;61.888999999999996
Seq-p;45.93000000000001
