Location;Frames_1000000644_MT_Spp
Smin;-32.907
Smax;22.630000000000003
Seq-f;34.924
Seq-p;28.904000000000003
