Location;Frames_1000000440_MX_Spp
Smin;-4.699999999999999
Smax;12.423000000000002
Seq-f;7.3580000000000005
Seq-p;12.73
