Location;Frames_1000001055_MT_Spp
Smin;-1.8399999999999999
Smax;5.134
Seq-f;2.2460000000000004
Seq-p;8.539000000000001
