Location;Frames_1000000623_MT_Spp
Smin;11.381
Smax;25.514000000000003
Seq-f;0.7010000000000005
Seq-p;1.3709999999999987
