Location;Frames_1000000644_MX_Spp
Smin;5.35
Smax;22.630000000000003
Seq-f;92.277
Seq-p;52.168000000000006
