Location;Frames_1000000050_MT_Spp
Smin;-13.405000000000001
Smax;1.373000000000001
Seq-f;15.841999999999999
Seq-p;24.384999999999998
