Location;Frames_1000000308_MX_Spp
Smin;-11.690999999999999
Smax;7.376999999999999
Seq-f;3.7540000000000013
Seq-p;12.604999999999997
