Location;Frames_1000000133_MT_Spp
Smin;-12.472000000000001
Smax;9.873
Seq-f;19.349
Seq-p;15.803999999999998
