Location;Frames_1000000684_MT_Spp
Smin;12.155000000000001
Smax;49.692
Seq-f;-4.26
Seq-p;0.28200000000000003
