Location;Frames_1000000731_MT_Spp
Smin;13.6
Smax;13.607
Seq-f;28.575000000000003
Seq-p;15.399999999999999
