Location;Frames_1000000225_MT_Spp
Smin;12.371
Smax;41.185
Seq-f;10.158999999999999
Seq-p;7.457999999999998
