Location;Frames_1000000938_MT_Spp
Smin;-7.795999999999999
Smax;34.149
Seq-f;12.568999999999999
Seq-p;21.653
