Location;Frames_1000000551_MT_Spp
Smin;-16.902
Smax;11.908999999999999
Seq-f;6.518999999999998
Seq-p;30.366
