Location;Frames_1000000651_MX_Spp
Smin;-10.574000000000002
Smax;17.985
Seq-f;0.3470000000000013
Seq-p;20.447
