Location;Frames_1000001071_MX_Spp
Smin;-15.1
Smax;7.3759999999999994
Seq-f;-8.779
Seq-p;2.2479999999999993
