Location;Frames_1000000340_MX_Spp
Smin;-8.199000000000002
Smax;18.539
Seq-f;18.576999999999998
Seq-p;34.946
