Location;Frames_1000000616_MX_Spp
Smin;3.2609999999999992
Smax;12.530999999999999
Seq-f;52.17100000000001
Seq-p;48.403
