Location;Frames_1000000279_MX_Spp
Smin;-5.664999999999999
Smax;25.903
Seq-f;5.6370000000000005
Seq-p;25.237000000000002
