Location;Frames_1000000361_MX_Spp
Smin;7.109000000000002
Smax;12.489
Seq-f;-8.202
Seq-p;-3.7169999999999987
