Location;Frames_1000000316_MT_Spp
Smin;-0.8330000000000002
Smax;16.959
Seq-f;14.630000000000003
Seq-p;20.44
