Location;Frames_1000000734_MT_Spp
Smin;-7.930999999999999
Smax;3.681
Seq-f;6.916
Seq-p;3.8200000000000003
