Location;Frames_1000000247_MT_Spp
Smin;1.6600000000000001
Smax;29.186999999999998
Seq-f;61.566
Seq-p;42.156
