Location;Frames_1000000860_MX_Spp
Smin;-5.798
Smax;25.237000000000002
Seq-f;8.254999999999999
Seq-p;2.0410000000000004
