Location;Frames_1000000782_MX_Spp
Smin;14.197
Smax;29.578000000000003
Seq-f;-0.45199999999999996
Seq-p;1.1850000000000005
