Location;Frames_1000000826_MX_Spp
Smin;-16.783
Smax;1.0660000000000007
Seq-f;-6.311
Seq-p;-2.036999999999999
