Location;Frames_1000000711_MX_Spp
Smin;-2.9979999999999993
Smax;21.155
Seq-f;-6.994999999999999
Seq-p;10.011
