Location;Frames_1000000411_MX_Spp
Smin;-3.0650000000000013
Smax;35.581
Seq-f;52.269
Seq-p;20.750999999999998
