Location;Frames_1000000178_MT_Spp
Smin;-8.499
Smax;-5.716000000000001
Seq-f;12.119
Seq-p;25.784999999999997
