Location;Frames_1000000849_MX_Spp
Smin;-0.5779999999999994
Smax;29.298000000000002
Seq-f;60.062
Seq-p;45.105
