Location;Frames_1000000842_MT_Spp
Smin;12.126000000000001
Smax;63.952
Seq-f;0.7420000000000009
Seq-p;-4.667
