Location;Frames_1000001018_MX_Spp
Smin;-1.1760000000000002
Smax;28.411
Seq-f;0.05799999999999983
Seq-p;6.097000000000001
