Location;Frames_1000000095_MT_Spp
Smin;-0.8059999999999992
Smax;37.248
Seq-f;14.523000000000003
Seq-p;10.39
