Location;Frames_1000000635_MT_Spp
Smin;3.5450000000000017
Smax;18.555
Seq-f;32.296
Seq-p;7.885999999999999
