Location;Frames_1000000287_MT_Spp
Smin;-0.7929999999999993
Smax;45.315
Seq-f;84.458
Seq-p;57.32899999999999
