Location;Frames_1000001080_MT_Spp
Smin;1.6140000000000008
Smax;59.096000000000004
Seq-f;7.318999999999999
Seq-p;10.936
