Location;Frames_1000000933_MX_Spp
Smin;0.1590000000000007
Smax;10.407
Seq-f;-0.24200000000000088
Seq-p;15.463000000000001
