Location;Frames_1000000994_MX_Spp
Smin;-15.954
Smax;10.420000000000002
Seq-f;50.872
Seq-p;27.194000000000003
