Location;Frames_1000000006_MX_Spp
Smin;1.2250000000000014
Smax;12.438000000000002
Seq-f;-1.2079999999999984
Seq-p;18.36
