Location;Frames_1000000469_MT_Spp
Smin;11.064
Smax;24.365000000000002
Seq-f;60.370999999999995
Seq-p;35.315
