Location;Frames_1000000457_MT_Spp
Smin;-1.8729999999999993
Smax;35.989
Seq-f;4.629000000000001
Seq-p;5.0489999999999995
