Location;Frames_1000001058_MT_Spp
Smin;-4.470000000000001
Smax;46.013
Seq-f;31.616999999999997
Seq-p;28.683999999999997
