Location;Frames_1000000117_MT_Spp
Smin;-9.079999999999998
Smax;-1.3209999999999997
Seq-f;39.652
Seq-p;39.05
