Location;Frames_1000001052_MT_Spp
Smin;-5.605
Smax;3.242000000000001
Seq-f;0.8889999999999993
Seq-p;3.280999999999999
