Location;Frames_1000001009_MT_Spp
Smin;-13.884
Smax;-6.2109999999999985
Seq-f;10.559999999999999
Seq-p;8.597000000000001
