Location;Frames_1000000950_MX_Spp
Smin;7.155999999999999
Smax;12.886
Seq-f;33.672
Seq-p;30.090000000000003
