Location;Frames_1000000360_MX_Spp
Smin;-1.8970000000000002
Smax;43.824
Seq-f;77.734
Seq-p;49.260999999999996
