Location;Frames_1000000663_MX_Spp
Smin;7.952000000000002
Smax;15.301
Seq-f;-2.5309999999999997
Seq-p;-1.2859999999999996
