Location;Frames_1000000801_MT_Spp
Smin;-15.220999999999997
Smax;17.192
Seq-f;30.162
Seq-p;27.011000000000003
