Location;Frames_1000000489_MT_Spp
Smin;-7.140000000000001
Smax;6.329999999999998
Seq-f;13.859000000000002
Seq-p;17.267000000000003
