Location;Frames_1000000659_MX_Spp
Smin;-2.0820000000000007
Smax;-0.19000000000000128
Seq-f;59.031000000000006
Seq-p;39.397
