Location;Frames_1000000015_MX_Spp
Smin;-8.731000000000002
Smax;-0.7240000000000002
Seq-f;11.140999999999998
Seq-p;18.772
