Location;Frames_1000000502_MT_Spp
Smin;2.6580000000000004
Smax;18.01
Seq-f;3.7189999999999994
Seq-p;-2.0229999999999997
