Location;Frames_1000000800_MT_Spp
Smin;-5.190999999999999
Smax;-4.405
Seq-f;5.670999999999999
Seq-p;28.092
