Location;Frames_1000000953_MT_Spp
Smin;-3.412000000000001
Smax;30.235
Seq-f;3.4529999999999994
Seq-p;9.916
