Location;Frames_1000000834_MX_Spp
Smin;-7.045999999999999
Smax;13.966000000000001
Seq-f;7.158000000000001
Seq-p;30.246000000000002
