Location;Frames_1000001034_MT_Spp
Smin;11.225
Smax;65.868
Seq-f;7.042999999999999
Seq-p;11.940999999999999
