Location;Frames_1000001078_MT_Spp
Smin;-1.2230000000000008
Smax;12.893
Seq-f;19.113
Seq-p;9.853000000000002
