Location;Frames_1000001096_MX_Spp
Smin;6.123
Smax;16.127000000000002
Seq-f;16.288
Seq-p;1.2289999999999992
