Location;Frames_1000000499_MX_Spp
Smin;0.7600000000000016
Smax;47.290000000000006
Seq-f;-0.3410000000000011
Seq-p;16.838
