Location;Frames_1000000589_MT_Spp
Smin;-12.472999999999999
Smax;-6.869999999999999
Seq-f;12.146999999999998
Seq-p;27.264000000000003
