Location;Frames_1000000114_MX_Spp
Smin;3.3339999999999996
Smax;13.908999999999999
Seq-f;16.146
Seq-p;1.408999999999999
