Location;Frames_1000000893_MT_Spp
Smin;14.108
Smax;14.174999999999997
Seq-f;-8.958
Seq-p;4.523999999999999
