Location;Frames_1000000937_MX_Spp
Smin;0.48499999999999943
Smax;2.0159999999999982
Seq-f;23.878999999999998
Seq-p;35.407
