Location;Frames_1000000492_MT_Spp
Smin;3.617000000000001
Smax;4.654
Seq-f;90.52
Seq-p;55.016999999999996
