Location;Frames_1000000067_MX_Spp
Smin;12.75
Smax;17.94
Seq-f;-6.912000000000001
Seq-p;-3.146000000000001
