Location;Frames_1000000751_MX_Spp
Smin;-14.515999999999998
Smax;58.998999999999995
Seq-f;13.954999999999998
Seq-p;21.969
