Location;Frames_1000000448_MX_Spp
Smin;-7.241
Smax;32.586
Seq-f;22.814999999999998
Seq-p;27.220999999999997
