Location;Frames_1000001098_MX_Spp
Smin;11.17
Smax;13.629000000000001
Seq-f;58.668000000000006
Seq-p;46.963
