Location;Frames_1000000759_MX_Spp
Smin;-5.364999999999998
Smax;33.682
Seq-f;26.622999999999998
Seq-p;41.069
