Location;Frames_1000000198_MT_Spp
Smin;2.2729999999999997
Smax;21.645000000000003
Seq-f;51.30500000000001
Seq-p;32.041
