Location;Frames_1000000719_MX_Spp
Smin;3.8930000000000007
Smax;57.849000000000004
Seq-f;100.715
Seq-p;72.366
