Location;Frames_1000000166_MT_Spp
Smin;-9.771999999999998
Smax;1.4269999999999996
Seq-f;0.5760000000000005
Seq-p;9.966000000000001
