Location;Frames_1000000330_MX_Spp
Smin;-1.3539999999999992
Smax;2.338000000000001
Seq-f;82.134
Seq-p;55.80500000000001
