Location;Frames_1000000993_MT_Spp
Smin;2.2489999999999988
Smax;10.917
Seq-f;10.514
Seq-p;15.975000000000001
