Location;Frames_1000000656_MT_Spp
Smin;-17.707
Smax;-10.388000000000002
Seq-f;18.518
Seq-p;16.932000000000002
