Location;Frames_1000000693_MX_Spp
Smin;-7.0710000000000015
Smax;15.472999999999999
Seq-f;62.437
Seq-p;45.955
