Location;Frames_1000000950_MT_Spp
Smin;-0.2920000000000016
Smax;7.155999999999999
Seq-f;0.2289999999999992
Seq-p;9.367999999999999
