Location;Frames_1000000948_MT_Spp
Smin;-9.988
Smax;27.512999999999998
Seq-f;9.640999999999998
Seq-p;20.375
