Location;Frames_1000000482_MT_Spp
Smin;5.748999999999999
Smax;7.628
Seq-f;59.102999999999994
Seq-p;41.033
