Location;Frames_1000000714_MX_Spp
Smin;-2.0519999999999996
Smax;36.662
Seq-f;36.41
Seq-p;30.857999999999997
