Location;Frames_1000001045_MX_Spp
Smin;9.600999999999999
Smax;27.351999999999997
Seq-f;-9.221
Seq-p;-9.014
