Location;Frames_1000000172_MT_Spp
Smin;2.5360000000000014
Smax;5.563000000000001
Seq-f;13.250999999999998
Seq-p;27.417
