Location;Frames_1000000758_MX_Spp
Smin;-22.365000000000002
Smax;42.76
Seq-f;72.758
Seq-p;57.602000000000004
