Location;Frames_1000000091_MX_Spp
Smin;5.728
Smax;41.941
Seq-f;23.576999999999998
Seq-p;25.243000000000002
