Location;Frames_1000000864_MT_Spp
Smin;-1.4649999999999999
Smax;5.34
Seq-f;7.838999999999999
Seq-p;-1.4450000000000003
