Location;Frames_1000000111_MT_Spp
Smin;13.610999999999997
Smax;14.143
Seq-f;-9.713
Seq-p;1.5009999999999994
