Location;Frames_1000000996_MT_Spp
Smin;-1.4749999999999996
Smax;10.307
Seq-f;-0.6159999999999997
Seq-p;-5.579000000000001
