Location;Frames_1000000110_MT_Spp
Smin;1.4629999999999992
Smax;52.831
Seq-f;3.8599999999999994
Seq-p;1.1110000000000007
