Location;Frames_1000000660_MX_Spp
Smin;-2.213000000000001
Smax;10.792
Seq-f;6.837
Seq-p;12.530999999999999
