Location;Frames_1000000474_MT_Spp
Smin;-8.126999999999999
Smax;5.097000000000001
Seq-f;57.522999999999996
Seq-p;60.431
