Location;Frames_1000000250_MT_Spp
Smin;-8.682
Smax;-4.417000000000002
Seq-f;12.444000000000003
Seq-p;27.057000000000002
