Location;Frames_1000000724_MX_Spp
Smin;-8.425999999999998
Smax;18.36
Seq-f;45.192
Seq-p;29.578000000000003
