Location;Frames_1000000741_MX_Spp
Smin;-1.7439999999999998
Smax;29.445999999999998
Seq-f;95.4
Seq-p;67.042
