Location;Frames_1000000252_MX_Spp
Smin;-1.3120000000000012
Smax;38.164
Seq-f;6.603999999999999
Seq-p;15.969000000000001
