Location;Frames_1000000330_MT_Spp
Smin;-9.736999999999998
Smax;2.338000000000001
Seq-f;9.809999999999999
Seq-p;19.758
