Location;Frames_1000000293_MT_Spp
Smin;-5.445
Smax;12.027000000000001
Seq-f;5.510999999999999
Seq-p;18.308999999999997
