Location;Frames_1000000345_MT_Spp
Smin;-10.556999999999999
Smax;21.695
Seq-f;35.265
Seq-p;27.226999999999997
