Location;Frames_1000000283_MX_Spp
Smin;7.494999999999999
Smax;55.458
Seq-f;32.596
Seq-p;21.965000000000003
