Location;Frames_1000000340_MT_Spp
Smin;13.728
Smax;18.539
Seq-f;13.966000000000001
Seq-p;6.6739999999999995
