Location;Frames_1000000168_MX_Spp
Smin;-15.757000000000001
Smax;14.801000000000002
Seq-f;28.399
Seq-p;21.762
