Location;Frames_1000000272_MX_Spp
Smin;-7.159000000000001
Smax;3.6750000000000007
Seq-f;81.691
Seq-p;62.229
