Location;Frames_1000000216_MX_Spp
Smin;-7.763000000000002
Smax;55.407
Seq-f;57.92400000000001
Seq-p;40.383
