Location;Frames_1000000679_MT_Spp
Smin;0.9049999999999994
Smax;26.201999999999998
Seq-f;-0.35299999999999976
Seq-p;-10.05
