Location;Frames_1000000712_MT_Spp
Smin;-8.209
Smax;81.556
Seq-f;1.6159999999999997
Seq-p;10.963999999999999
