Location;Frames_1000000986_MX_Spp
Smin;1.1880000000000006
Smax;40.819
Seq-f;-7.805999999999999
Seq-p;7.329999999999998
