Location;Frames_1000000008_MX_Spp
Smin;-9.123000000000001
Smax;16.932000000000002
Seq-f;30.647
Seq-p;24.729999999999997
