Location;Frames_1000000821_MX_Spp
Smin;-2.4399999999999995
Smax;34.422
Seq-f;-7.545999999999999
Seq-p;-1.306000000000001
