Location;Frames_1000000921_MX_Spp
Smin;-10.818999999999999
Smax;9.149000000000001
Seq-f;35.682
Seq-p;29.238
