Location;Frames_1000000213_MX_Spp
Smin;9.722
Smax;10.440000000000001
Seq-f;20.861
Seq-p;5.800999999999998
