Location;Frames_1000000982_MX_Spp
Smin;-6.899000000000001
Smax;29.840000000000003
Seq-f;69.809
Seq-p;34.066
