Location;Frames_1000000508_MX_Spp
Smin;-26.572000000000003
Smax;-7.231999999999999
Seq-f;28.055999999999997
Seq-p;33.558
