Location;Frames_1000000272_MT_Spp
Smin;-7.159000000000001
Smax;1.9459999999999997
Seq-f;6.378
Seq-p;16.529
