Location;Frames_1000000548_MT_Spp
Smin;5.664
Smax;32.828
Seq-f;10.475000000000001
Seq-p;7.196999999999999
