Location;Frames_1000000976_MT_Spp
Smin;-6.100000000000001
Smax;39.967
Seq-f;23.232
Seq-p;8.309000000000001
