Location;Frames_1000000547_MT_Spp
Smin;18.118
Smax;28.043999999999997
Seq-f;25.331000000000003
Seq-p;12.917000000000002
