Location;Frames_1000001111_MT_Spp
Smin;-18.237
Smax;10.826
Seq-f;13.187999999999999
Seq-p;6.2379999999999995
