Location;Frames_1000000677_MX_Spp
Smin;12.118
Smax;46.086
Seq-f;0.5139999999999993
Seq-p;-1.8840000000000003
