Location;Frames_1000000313_MT_Spp
Smin;-21.148000000000003
Smax;10.341000000000001
Seq-f;60.673
Seq-p;42.995
