Location;Frames_1000000020_MX_Spp
Smin;-1.7029999999999994
Smax;38.121
Seq-f;22.079
Seq-p;25.951999999999998
