Location;Frames_1000000866_MT_Spp
Smin;-19.042
Smax;-1.7379999999999995
Seq-f;13.100999999999999
Seq-p;22.832
