Location;Frames_1000000831_MX_Spp
Smin;-2.7059999999999995
Smax;38.515
Seq-f;8.873000000000001
Seq-p;14.805
