Location;Frames_1000000983_MT_Spp
Smin;-14.832
Smax;19.551000000000002
Seq-f;62.641000000000005
Seq-p;46.67
