Location;Frames_1000000675_MT_Spp
Smin;3.354
Smax;22.823999999999998
Seq-f;-9.139
Seq-p;2.8409999999999993
