Location;Frames_1000000292_MT_Spp
Smin;-3.2049999999999983
Smax;28.506999999999998
Seq-f;61.986999999999995
Seq-p;36.061
