Location;Frames_1000000827_MX_Spp
Smin;-8.981000000000002
Smax;43.66
Seq-f;49.986999999999995
Seq-p;48.919
