Location;Frames_1000000997_MT_Spp
Smin;-8.056999999999999
Smax;41.988
Seq-f;13.850999999999999
Seq-p;33.756
