Location;Frames_1000000601_MT_Spp
Smin;-13.579999999999998
Smax;25.17
Seq-f;24.909999999999997
Seq-p;42.793
