Location;Frames_1000000599_MT_Spp
Smin;-17.228
Smax;7.016
Seq-f;-6.872999999999999
Seq-p;0.036999999999999034
