Location;Frames_1000000852_MX_Spp
Smin;-4.7780000000000005
Smax;2.0410000000000004
Seq-f;41.528
Seq-p;30.813000000000002
