Location;Frames_1000000075_MT_Spp
Smin;-34.521
Smax;20.404000000000003
Seq-f;39.009
Seq-p;30.496000000000002
