Location;Frames_1000000155_MT_Spp
Smin;-17.323
Smax;5.8820000000000014
Seq-f;22.445999999999998
Seq-p;21.622
