Location;Frames_1000000129_MT_Spp
Smin;7.7940000000000005
Smax;22.267000000000003
Seq-f;-5.717
Seq-p;-14.289
