Location;Frames_1000000457_MX_Spp
Smin;0.6560000000000006
Smax;35.989
Seq-f;11.747
Seq-p;7.646000000000001
