Location;Frames_1000001103_MX_Spp
Smin;-9.178999999999998
Smax;7.989999999999998
Seq-f;66.622
Seq-p;40.099
