Location;Frames_1000001054_MT_Spp
Smin;2.2539999999999996
Smax;30.834000000000003
Seq-f;64.258
Seq-p;41.945
