Location;Frames_1000000956_MX_Spp
Smin;4.287000000000001
Smax;66.836
Seq-f;9.158999999999999
Seq-p;14.367
