Location;Frames_1000000383_MX_Spp
Smin;-1.4469999999999992
Smax;10.969999999999999
Seq-f;14.298000000000002
Seq-p;21.155
