Location;Frames_1000000562_MT_Spp
Smin;13.518
Smax;46.501
Seq-f;9.972000000000001
Seq-p;8.277000000000001
