Location;Frames_1000000543_MX_Spp
Smin;-6.836
Smax;2.7110000000000003
Seq-f;18.769
Seq-p;15.309000000000001
