Location;Frames_1000000515_MT_Spp
Smin;12.213000000000001
Smax;14.366
Seq-f;41.94
Seq-p;25.817999999999998
