Location;Frames_1000000660_MT_Spp
Smin;-9.262
Smax;-2.213000000000001
Seq-f;18.487000000000002
Seq-p;24.962000000000003
