Location;Frames_1000000664_MX_Spp
Smin;-14.286
Smax;12.809999999999999
Seq-f;-4.901
Seq-p;-0.4510000000000005
