Location;Frames_1000000567_MX_Spp
Smin;0.2710000000000008
Smax;2.3949999999999996
Seq-f;10.777999999999999
Seq-p;20.92
