Location;Frames_1000000288_MX_Spp
Smin;4.364
Smax;35.307
Seq-f;-7.715999999999999
Seq-p;4.659000000000001
