Location;Frames_1000000113_MX_Spp
Smin;10.17
Smax;31.033
Seq-f;-0.11500000000000021
Seq-p;4.627000000000001
