Location;Frames_1000000559_MX_Spp
Smin;-1.5190000000000001
Smax;9.549
Seq-f;10.091000000000001
Seq-p;16.645
