Location;Frames_1000000187_MT_Spp
Smin;-5.476000000000001
Smax;13.408999999999999
Seq-f;-8.989
Seq-p;-7.313000000000001
