Location;Frames_1000000850_MT_Spp
Smin;0.0030000000000001137
Smax;63.43300000000001
Seq-f;65.579
Seq-p;42.737
