Location;Frames_1000000843_MX_Spp
Smin;-2.1790000000000003
Smax;1.0350000000000001
Seq-f;27.686999999999998
Seq-p;24.713
