Location;Frames_1000000608_MT_Spp
Smin;5.118
Smax;7.382999999999999
Seq-f;31.046999999999997
Seq-p;13.573999999999998
