Location;Frames_1000000598_MX_Spp
Smin;-7.099
Smax;10.547
Seq-f;7.870999999999999
Seq-p;-5.789999999999999
