Location;Frames_1000000188_MX_Spp
Smin;16.923000000000002
Smax;53.71
Seq-f;-9.302
Seq-p;0.4060000000000006
