Location;Frames_1000000177_MX_Spp
Smin;-10.768999999999998
Smax;38.622
Seq-f;6.635000000000002
Seq-p;17.994999999999997
