Location;Frames_1000000098_MX_Spp
Smin;5.209
Smax;32.895
Seq-f;16.372999999999998
Seq-p;22.680999999999997
