Location;Frames_1000000940_MT_Spp
Smin;-19.323
Smax;0.2400000000000002
Seq-f;2.8279999999999994
Seq-p;8.896
