Location;Frames_1000000449_MT_Spp
Smin;-3.0650000000000013
Smax;60.473
Seq-f;17.073999999999998
Seq-p;31.139000000000003
