Location;Frames_1000000122_MT_Spp
Smin;7.526
Smax;26.110999999999997
Seq-f;4.231999999999999
Seq-p;-1.0070000000000014
