Location;Frames_1000000490_MX_Spp
Smin;5.8260000000000005
Smax;30.955
Seq-f;92.66
Seq-p;63.727000000000004
