Location;Frames_1000000793_MT_Spp
Smin;3.0740000000000016
Smax;37.361
Seq-f;55.57599999999999
Seq-p;43.292
