Location;Frames_1000000339_MX_Spp
Smin;12.079
Smax;25.965000000000003
Seq-f;4.958
Seq-p;-2.1640000000000015
