Location;Frames_1000000258_MT_Spp
Smin;3.7330000000000005
Smax;32.041
Seq-f;31.503999999999998
Seq-p;7.952999999999999
