Location;Frames_1000000496_MT_Spp
Smin;-5.744999999999999
Smax;30.436999999999998
Seq-f;24.448999999999998
Seq-p;23.868000000000002
