Location;Frames_1000000817_MT_Spp
Smin;10.352
Smax;57.925
Seq-f;25.534999999999997
Seq-p;24.067999999999998
