Location;Frames_1000000047_MT_Spp
Smin;6.1080000000000005
Smax;15.279
Seq-f;-2.6420000000000003
Seq-p;-1.3209999999999997
