Location;Frames_1000000638_MT_Spp
Smin;2.0279999999999996
Smax;64.442
Seq-f;-3.193999999999999
Seq-p;10.283000000000001
