Location;Frames_1000000880_MX_Spp
Smin;-7.077999999999999
Smax;3.0760000000000005
Seq-f;46.831
Seq-p;24.424999999999997
