Location;Frames_1000000102_MT_Spp
Smin;1.2420000000000009
Smax;3.280999999999999
Seq-f;-3.7680000000000007
Seq-p;10.947
