Location;Frames_1000000485_MT_Spp
Smin;-1.8590000000000018
Smax;27.799
Seq-f;16.587000000000003
Seq-p;30.113
