Location;Frames_1000000370_MT_Spp
Smin;-4.102
Smax;-2.4830000000000005
Seq-f;71.995
Seq-p;61.18300000000001
