Location;Frames_1000000893_MX_Spp
Smin;3.2429999999999986
Smax;14.174999999999997
Seq-f;53.086
Seq-p;38.87
