Location;Frames_1000000094_MX_Spp
Smin;12.466999999999999
Smax;35.758
Seq-f;-8.252
Seq-p;6.170999999999999
