Location;Frames_1000000930_MX_Spp
Smin;-4.823
Smax;22.781999999999996
Seq-f;28.810000000000002
Seq-p;33.66
