Location;Frames_1000000444_MX_Spp
Smin;-6.817
Smax;16.442
Seq-f;14.530000000000001
Seq-p;11.588000000000001
