Location;Frames_1000000388_MT_Spp
Smin;-24.450000000000003
Smax;-4.633
Seq-f;29.444000000000003
Seq-p;26.276000000000003
