Location;Frames_1000000460_MT_Spp
Smin;2.5869999999999997
Smax;6.547999999999998
Seq-f;-11.0
Seq-p;1.7810000000000006
