Location;Frames_1000000289_MT_Spp
Smin;-0.7599999999999998
Smax;48.666
Seq-f;-7.404999999999999
Seq-p;6.445
