Location;Frames_1000000879_MT_Spp
Smin;0.6409999999999982
Smax;21.776
Seq-f;11.283999999999999
Seq-p;20.681
