Location;Frames_1000000118_MT_Spp
Smin;-0.8279999999999994
Smax;33.267
Seq-f;31.119
Seq-p;22.860999999999997
