Location;Frames_1000000150_MX_Spp
Smin;-11.965
Smax;42.995
Seq-f;11.841999999999999
Seq-p;12.771999999999998
