Location;Frames_1000000199_MX_Spp
Smin;-39.91
Smax;1.1670000000000016
Seq-f;21.411
Seq-p;31.685000000000002
