Location;Frames_1000000523_MT_Spp
Smin;-2.9810000000000016
Smax;34.722
Seq-f;25.256999999999998
Seq-p;39.66
