Location;Frames_1000000675_MX_Spp
Smin;-24.098999999999997
Smax;22.823999999999998
Seq-f;17.418
Seq-p;22.994999999999997
