Location;Frames_1000000901_MX_Spp
Smin;-9.649000000000001
Smax;32.164
Seq-f;28.179000000000002
Seq-p;21.703000000000003
