Location;Frames_1000000495_MX_Spp
Smin;-12.011
Smax;48.297
Seq-f;25.695999999999998
Seq-p;26.142000000000003
