Location;Frames_1000000564_MT_Spp
Smin;-14.986
Smax;28.944000000000003
Seq-f;9.882000000000001
Seq-p;23.406
