Location;Frames_1000000144_MT_Spp
Smin;2.6679999999999993
Smax;21.267000000000003
Seq-f;-2.7880000000000003
Seq-p;16.375
