Location;Frames_1000001036_MT_Spp
Smin;-5.241
Smax;71.263
Seq-f;1.0519999999999996
Seq-p;7.2570000000000014
