Location;Frames_1000000520_MX_Spp
Smin;-10.457999999999998
Smax;23.912
Seq-f;12.303999999999998
Seq-p;11.14
