Location;Frames_1000001001_MX_Spp
Smin;-2.6700000000000017
Smax;6.407
Seq-f;10.411000000000001
Seq-p;5.109999999999999
