Location;Frames_1000001098_MT_Spp
Smin;-5.069000000000001
Smax;13.629000000000001
Seq-f;44.324
Seq-p;42.141
