Location;Frames_1000000392_MT_Spp
Smin;1.0229999999999997
Smax;29.659999999999997
Seq-f;17.204
Seq-p;31.491
