Location;Frames_1000000295_MT_Spp
Smin;0.19200000000000017
Smax;29.191000000000003
Seq-f;45.318
Seq-p;20.872999999999998
