Location;Frames_1000001049_MT_Spp
Smin;-12.373000000000001
Smax;57.834999999999994
Seq-f;1.9869999999999983
Seq-p;23.912
