Location;Frames_1000000519_MX_Spp
Smin;6.763
Smax;10.178999999999998
Seq-f;97.024
Seq-p;58.364000000000004
