Location;Frames_1000000022_MX_Spp
Smin;18.977
Smax;40.368
Seq-f;0.19899999999999984
Seq-p;-1.4749999999999996
