Location;Frames_1000000980_MX_Spp
Smin;-11.623999999999999
Smax;51.394000000000005
Seq-f;17.436
Seq-p;20.834000000000003
