Location;Frames_1000000814_MX_Spp
Smin;-4.069000000000001
Smax;53.259
Seq-f;33.352
Seq-p;18.601999999999997
