Location;Frames_1000000858_MX_Spp
Smin;0.7119999999999997
Smax;0.8670000000000009
Seq-f;3.253
Seq-p;13.529
