Location;Frames_1000000349_MX_Spp
Smin;-8.488
Smax;-5.7490000000000006
Seq-f;7.922999999999998
Seq-p;22.194000000000003
