Location;Frames_1000000184_MX_Spp
Smin;1.5390000000000015
Smax;60.867000000000004
Seq-f;36.734
Seq-p;49.668
