Location;Frames_1000000692_MX_Spp
Smin;-6.476000000000001
Smax;-2.33
Seq-f;38.026
Seq-p;25.000999999999998
