Location;Frames_1000000846_MT_Spp
Smin;4.312999999999999
Smax;5.723000000000001
Seq-f;23.113999999999997
Seq-p;25.231
