Location;Frames_1000001102_MX_Spp
Smin;-9.565999999999999
Smax;13.251999999999999
Seq-f;74.538
Seq-p;48.642
