Location;Frames_1000000146_MT_Spp
Smin;3.1369999999999996
Smax;32.275
Seq-f;3.3469999999999995
Seq-p;7.5169999999999995
