Location;Frames_1000000447_MX_Spp
Smin;-0.010999999999999233
Smax;26.326
Seq-f;3.8290000000000006
Seq-p;7.253
