Location;Frames_1000001041_MT_Spp
Smin;-3.0169999999999995
Smax;21.899
Seq-f;101.218
Seq-p;61.873000000000005
