Location;Frames_1000000191_MT_Spp
Smin;10.728
Smax;21.369
Seq-f;8.827000000000002
Seq-p;4.289999999999999
