Location;Frames_1000000785_MX_Spp
Smin;0.9390000000000001
Smax;6.571999999999999
Seq-f;15.908999999999999
Seq-p;11.928
