Location;Frames_1000000412_MX_Spp
Smin;-6.5120000000000005
Smax;23.579
Seq-f;59.078
Seq-p;45.965999999999994
