Location;Frames_1000000909_MT_Spp
Smin;3.3120000000000003
Smax;15.183999999999997
Seq-f;12.889000000000003
Seq-p;5.393000000000001
