Location;Frames_1000000063_MX_Spp
Smin;14.658000000000001
Smax;41.15
Seq-f;5.747
Seq-p;12.001999999999999
