Location;Frames_1000000641_MT_Spp
Smin;-3.562000000000001
Smax;2.0589999999999993
Seq-f;52.406
Seq-p;25.758000000000003
