Location;Frames_1000000704_MT_Spp
Smin;5.835000000000001
Smax;21.249
Seq-f;70.434
Seq-p;63.906000000000006
