Location;Frames_1000000038_MT_Spp
Smin;-5.574999999999999
Smax;27.264000000000003
Seq-f;58.297
Seq-p;39.895
