Location;Frames_1000000640_MX_Spp
Smin;13.644
Smax;41.685
Seq-f;-2.5410000000000004
Seq-p;-0.940999999999999
