Location;Frames_1000000400_MX_Spp
Smin;-15.693000000000001
Smax;36.939
Seq-f;14.082999999999998
Seq-p;38.153
