Location;Frames_1000000888_MX_Spp
Smin;-18.546
Smax;54.245999999999995
Seq-f;58.599999999999994
Seq-p;35.023
