Location;Frames_1000000846_MX_Spp
Smin;4.312999999999999
Smax;6.156000000000001
Seq-f;-5.063
Seq-p;-4.286
