Location;Frames_1000000271_MX_Spp
Smin;-9.324000000000002
Smax;21.216
Seq-f;35.796
Seq-p;24.598999999999997
