Location;Frames_1000000466_MX_Spp
Smin;14.308
Smax;43.967
Seq-f;23.365000000000002
Seq-p;14.508000000000003
