Location;Frames_1000001032_MX_Spp
Smin;1.4110000000000014
Smax;12.211
Seq-f;4.779999999999999
Seq-p;-1.5770000000000017
