Location;Frames_1000000946_MX_Spp
Smin;-10.402000000000001
Smax;54.647000000000006
Seq-f;43.641
Seq-p;45.789
