Location;Frames_1000001027_MX_Spp
Smin;-0.5589999999999993
Smax;19.798000000000002
Seq-f;70.161
Seq-p;56.120999999999995
