Location;Frames_1000000688_MT_Spp
Smin;1.8399999999999999
Smax;30.098999999999997
Seq-f;14.648
Seq-p;5.3820000000000014
