Location;Frames_1000000991_MT_Spp
Smin;-8.724
Smax;85.453
Seq-f;27.610999999999997
Seq-p;29.098999999999997
