Location;Frames_1000000858_MT_Spp
Smin;0.7119999999999997
Smax;7.538
Seq-f;32.108
Seq-p;16.804000000000002
