Location;Frames_1000000397_MX_Spp
Smin;14.658000000000001
Smax;40.152
Seq-f;5.754000000000001
Seq-p;12.248999999999999
