Location;Frames_1000000235_MX_Spp
Smin;-4.3679999999999986
Smax;46.67
Seq-f;22.973
Seq-p;26.915999999999997
