Location;Frames_1000000439_MT_Spp
Smin;-10.907
Smax;-3.872
Seq-f;-0.6439999999999984
Seq-p;5.8969999999999985
