Location;Frames_1000001078_MX_Spp
Smin;12.893
Smax;15.751000000000001
Seq-f;-3.4029999999999996
Seq-p;-12.261
