Location;Frames_1000000778_MX_Spp
Smin;-3.146000000000001
Smax;3.931
Seq-f;-3.654
Seq-p;-1.998000000000001
