Location;Frames_1000000179_MX_Spp
Smin;8.623
Smax;12.049
Seq-f;25.619999999999997
Seq-p;11.306999999999999
