Location;Frames_1000000917_MT_Spp
Smin;0.6709999999999994
Smax;27.6
Seq-f;15.262
Seq-p;13.743000000000002
