Location;Frames_1000000353_MX_Spp
Smin;-2.2059999999999995
Smax;34.27
Seq-f;26.606
Seq-p;30.622999999999998
