Location;Frames_1000000381_MT_Spp
Smin;7.708
Smax;91.755
Seq-f;2.9190000000000005
Seq-p;-0.4480000000000004
