Location;Frames_1000001075_MX_Spp
Smin;-3.279
Smax;21.933
Seq-f;3.219999999999999
Seq-p;16.183999999999997
