Location;Frames_1000000876_MX_Spp
Smin;-2.9430000000000014
Smax;6.443000000000001
Seq-f;62.379999999999995
Seq-p;46.36
