Location;Frames_1000000242_MX_Spp
Smin;-0.7159999999999993
Smax;0.23099999999999987
Seq-f;63.867999999999995
Seq-p;51.645
