Location;Frames_1000000328_MX_Spp
Smin;0.8679999999999986
Smax;28.945
Seq-f;26.781999999999996
Seq-p;29.994999999999997
