Location;Frames_1000000780_MT_Spp
Smin;-6.027000000000001
Smax;79.599
Seq-f;28.726
Seq-p;24.037999999999997
