Location;Frames_1000000228_MX_Spp
Smin;-0.5150000000000006
Smax;6.6739999999999995
Seq-f;1.623000000000001
Seq-p;10.564
