Location;Frames_1000000169_MT_Spp
Smin;1.841000000000001
Smax;25.586
Seq-f;7.77
Seq-p;7.306999999999999
