Location;Frames_1000000623_MX_Spp
Smin;4.909000000000001
Smax;25.514000000000003
Seq-f;72.961
Seq-p;41.81
