Location;Frames_1000000884_MX_Spp
Smin;-5.792999999999999
Smax;50.024
Seq-f;86.966
Seq-p;47.834999999999994
