Location;Frames_1000000937_MT_Spp
Smin;0.5820000000000007
Smax;2.0159999999999982
Seq-f;-1.2639999999999993
Seq-p;14.178999999999998
