Location;Frames_1000001066_MX_Spp
Smin;-0.9480000000000004
Smax;35.023
Seq-f;37.864
Seq-p;29.383000000000003
