Location;Frames_1000000401_MX_Spp
Smin;-5.111999999999998
Smax;11.948
Seq-f;80.485
Seq-p;57.849000000000004
