Location;Frames_1000000912_MT_Spp
Smin;1.5470000000000006
Smax;19.567
Seq-f;54.382999999999996
Seq-p;42.8
