Location;Frames_1000000471_MX_Spp
Smin;14.375
Smax;16.009999999999998
Seq-f;-2.7649999999999997
Seq-p;-11.517
