Location;Frames_1000000338_MX_Spp
Smin;-7.720000000000001
Smax;1.7379999999999995
Seq-f;7.109999999999999
Seq-p;3.664999999999999
