Location;Frames_1000000294_MX_Spp
Smin;-8.989999999999998
Smax;21.725
Seq-f;11.175
Seq-p;22.991999999999997
