Location;Frames_1000000645_MX_Spp
Smin;-9.004000000000001
Smax;45.149
Seq-f;27.243000000000002
Seq-p;31.523000000000003
