Location;Frames_1000001023_MX_Spp
Smin;-2.0790000000000006
Smax;21.695
Seq-f;11.998999999999999
Seq-p;22.043
