Location;Frames_1000000054_MT_Spp
Smin;-11.097000000000001
Smax;29.686999999999998
Seq-f;24.522
Seq-p;37.648
