Location;Frames_1000000166_MX_Spp
Smin;1.4269999999999996
Smax;5.4559999999999995
Seq-f;23.048000000000002
Seq-p;22.630000000000003
