Location;Frames_1000000448_MT_Spp
Smin;6.465999999999999
Smax;32.586
Seq-f;53.778000000000006
Seq-p;45.697
