Location;Frames_1000000548_MX_Spp
Smin;-1.5440000000000005
Smax;32.828
Seq-f;27.689999999999998
Seq-p;14.594000000000001
