Location;Frames_1000000369_MX_Spp
Smin;-4.739999999999998
Smax;63.149
Seq-f;45.804
Seq-p;29.451999999999998
