Location;Frames_1000000605_MX_Spp
Smin;-6.166
Smax;30.468000000000004
Seq-f;12.088999999999999
Seq-p;14.378
