Location;Frames_1000000387_MX_Spp
Smin;1.5950000000000006
Smax;40.028
Seq-f;-0.11899999999999977
Seq-p;-2.3470000000000013
