Location;Frames_1000001095_MX_Spp
Smin;-1.6290000000000013
Smax;2.4720000000000013
Seq-f;13.433
Seq-p;17.253999999999998
