Location;Frames_1000000279_MT_Spp
Smin;-6.623999999999999
Smax;25.903
Seq-f;3.3760000000000012
Seq-p;4.907
