Location;Frames_1000000578_MX_Spp
Smin;3.8949999999999996
Smax;49.434
Seq-f;29.363999999999997
Seq-p;16.796999999999997
