Location;Frames_1000000808_MX_Spp
Smin;-4.518000000000001
Smax;29.238999999999997
Seq-f;36.477
Seq-p;39.212
