Location;Frames_1000000887_MT_Spp
Smin;-15.949000000000002
Smax;31.96
Seq-f;58.42700000000001
Seq-p;55.47
