Location;Frames_1000000256_MX_Spp
Smin;-4.683
Smax;48.206
Seq-f;23.808999999999997
Seq-p;11.899000000000001
