Location;Frames_1000000539_MX_Spp
Smin;0.4499999999999993
Smax;58.625
Seq-f;45.538
Seq-p;28.825000000000003
