Location;Frames_1000001073_MT_Spp
Smin;3.5540000000000003
Smax;13.504
Seq-f;15.693999999999999
Seq-p;2.6149999999999984
