Location;Frames_1000000286_MT_Spp
Smin;-8.396999999999998
Smax;72.717
Seq-f;5.971
Seq-p;28.029000000000003
