Location;Frames_1000000506_MX_Spp
Smin;-1.1969999999999992
Smax;17.399
Seq-f;26.271
Seq-p;13.287999999999997
