Location;Frames_1000000119_MX_Spp
Smin;-15.347000000000001
Smax;-0.04299999999999926
Seq-f;7.468
Seq-p;30.162
