Location;Frames_1000000863_MT_Spp
Smin;-1.5939999999999994
Smax;17.253
Seq-f;31.037
Seq-p;29.371000000000002
