Location;Frames_1000000314_MX_Spp
Smin;2.8249999999999993
Smax;49.895
Seq-f;5.167000000000002
Seq-p;16.799
