Location;Frames_1000000722_MT_Spp
Smin;-15.062999999999999
Smax;2.6140000000000008
Seq-f;41.729
Seq-p;45.663
