Location;Frames_1000000521_MT_Spp
Smin;-13.658999999999999
Smax;24.067999999999998
Seq-f;68.125
Seq-p;46.614000000000004
