Location;Frames_1000000907_MX_Spp
Smin;-6.225999999999999
Smax;29.292
Seq-f;87.133
Seq-p;62.864000000000004
