Location;Frames_1000000665_MX_Spp
Smin;-0.45899999999999963
Smax;8.178
Seq-f;48.471999999999994
Seq-p;45.212
