Location;Frames_1000000794_MX_Spp
Smin;4.670999999999999
Smax;28.237000000000002
Seq-f;6.802
Seq-p;11.776
