Location;Frames_1000000553_MT_Spp
Smin;-8.091000000000001
Smax;50.988
Seq-f;48.510999999999996
Seq-p;48.326
