Location;Frames_1000000469_MX_Spp
Smin;14.26
Smax;24.365000000000002
Seq-f;-0.5380000000000003
Seq-p;-8.965
