Location;Frames_1000001001_MT_Spp
Smin;-2.6700000000000017
Smax;2.8099999999999996
Seq-f;38.117
Seq-p;32.807
