Location;Frames_1000000791_MX_Spp
Smin;-7.489000000000001
Smax;6.885000000000002
Seq-f;73.909
Seq-p;52.372
