Location;Frames_1000000386_MT_Spp
Smin;2.780000000000001
Smax;39.128
Seq-f;5.131
Seq-p;26.520000000000003
