Location;Frames_1000000115_MT_Spp
Smin;1.9110000000000014
Smax;2.6079999999999997
Seq-f;-11.89
Seq-p;-9.353
