Location;Frames_1000000424_MX_Spp
Smin;0.36100000000000065
Smax;8.191
Seq-f;-7.784000000000001
Seq-p;-1.5229999999999997
