Location;Frames_1000000278_MT_Spp
Smin;7.292999999999999
Smax;27.17
Seq-f;30.107999999999997
Seq-p;25.277
