Location;Frames_1000000119_MT_Spp
Smin;-1.141
Smax;-0.04299999999999926
Seq-f;1.359
Seq-p;7.018000000000001
