Location;Frames_1000000919_MT_Spp
Smin;-12.443999999999999
Smax;38.979
Seq-f;20.962000000000003
Seq-p;23.394
