Location;Frames_1000000269_MX_Spp
Smin;-7.356999999999999
Smax;28.904000000000003
Seq-f;79.789
Seq-p;40.315
