Location;Frames_1000000344_MT_Spp
Smin;-1.5269999999999992
Smax;8.209
Seq-f;-8.426
Seq-p;-2.6479999999999997
