Location;Frames_1000000861_MT_Spp
Smin;-3.9209999999999994
Smax;48.834
Seq-f;2.5279999999999987
Seq-p;1.8399999999999999
