Location;Frames_1000000611_MT_Spp
Smin;-10.169
Smax;29.359
Seq-f;24.259999999999998
Seq-p;28.040999999999997
