Location;Frames_1000000058_MT_Spp
Smin;-15.469999999999999
Smax;4.425
Seq-f;32.353
Seq-p;10.408999999999999
