Location;Frames_1000000103_MT_Spp
Smin;14.918
Smax;27.709000000000003
Seq-f;-1.8689999999999998
Seq-p;-10.438
