Location;Frames_1000000617_MX_Spp
Smin;-6.058
Smax;13.719999999999999
Seq-f;16.200000000000003
Seq-p;41.666
