Location;Frames_1000000303_MT_Spp
Smin;-18.389
Smax;0.2810000000000006
Seq-f;17.158
Seq-p;10.193999999999999
