Location;Frames_1000000021_MT_Spp
Smin;-23.953000000000003
Smax;5.8039999999999985
Seq-f;21.704
Seq-p;24.156
