Location;Frames_1000000575_MX_Spp
Smin;-14.736
Smax;-8.79
Seq-f;19.052999999999997
Seq-p;21.862000000000002
