Location;Frames_1000000960_MT_Spp
Smin;12.227
Smax;52.785
Seq-f;11.225000000000001
Seq-p;8.010000000000002
