Location;Frames_1000000199_MT_Spp
Smin;1.1670000000000016
Smax;3.0650000000000013
Seq-f;34.837
Seq-p;45.983
