Location;Frames_1000000721_MT_Spp
Smin;11.156
Smax;41.83
Seq-f;6.3309999999999995
Seq-p;1.1430000000000007
