Location;Frames_1000000362_MT_Spp
Smin;-15.89
Smax;15.112
Seq-f;30.423000000000002
Seq-p;23.718000000000004
