Location;Frames_1000000190_MT_Spp
Smin;-6.460000000000001
Smax;28.079
Seq-f;30.814999999999998
Seq-p;25.686
