Location;Frames_1000000213_MT_Spp
Smin;10.440000000000001
Smax;17.441
Seq-f;-12.213000000000001
Seq-p;-2.5519999999999996
