Location;Frames_1000000037_MX_Spp
Smin;15.056000000000001
Smax;20.012999999999998
Seq-f;21.413
Seq-p;6.175999999999998
