Location;Frames_1000000169_MX_Spp
Smin;-0.5889999999999986
Smax;25.586
Seq-f;58.81100000000001
Seq-p;49.637
