Location;Frames_1000000822_MT_Spp
Smin;8.66
Smax;27.840000000000003
Seq-f;80.748
Seq-p;53.05500000000001
