Location;Frames_1000000105_MT_Spp
Smin;-24.476
Smax;2.6849999999999987
Seq-f;27.808999999999997
Seq-p;23.857999999999997
