Location;Frames_1000000318_MX_Spp
Smin;-19.55
Smax;-6.466999999999999
Seq-f;22.088
Seq-p;7.792000000000002
