Location;Frames_1000000666_MX_Spp
Smin;2.1479999999999997
Smax;32.723
Seq-f;32.768
Seq-p;22.781999999999996
