Location;Frames_1000000185_MT_Spp
Smin;0.7400000000000002
Smax;8.974
Seq-f;-7.327999999999999
Seq-p;-6.689
