Location;Frames_1000000068_MX_Spp
Smin;-6.504000000000001
Smax;51.144999999999996
Seq-f;83.09
Seq-p;62.022999999999996
