Location;Frames_1000000419_MT_Spp
Smin;13.120000000000001
Smax;29.704
Seq-f;3.6389999999999993
Seq-p;7.815000000000001
