Location;Frames_1000000645_MT_Spp
Smin;6.7170000000000005
Smax;45.149
Seq-f;34.19
Seq-p;28.732999999999997
