Location;Frames_1000000843_MT_Spp
Smin;-29.539
Smax;1.0350000000000001
Seq-f;31.936
Seq-p;28.694000000000003
