Location;Frames_1000000031_MT_Spp
Smin;11.415
Smax;31.467
Seq-f;1.6739999999999995
Seq-p;-0.8539999999999992
