Location;Frames_1000000680_MX_Spp
Smin;-25.329
Smax;6.283000000000001
Seq-f;16.383000000000003
Seq-p;26.404000000000003
