Location;Frames_1000000754_MX_Spp
Smin;-12.129999999999999
Smax;44.915
Seq-f;2.0740000000000016
Seq-p;12.119999999999997
