Location;Frames_1000000051_MT_Spp
Smin;-5.141
Smax;11.044
Seq-f;-3.3290000000000006
Seq-p;-1.9720000000000013
