Location;Frames_1000000578_MT_Spp
Smin;2.5489999999999995
Smax;49.434
Seq-f;-0.21300000000000097
Seq-p;-0.3810000000000002
