Location;Frames_1000000215_MX_Spp
Smin;-9.094999999999999
Smax;33.399
Seq-f;2.5549999999999997
Seq-p;2.0159999999999982
