Location;Frames_1000000128_MT_Spp
Smin;-1.6460000000000008
Smax;23.573999999999998
Seq-f;64.37
Seq-p;53.436
