Location;Frames_1000000472_MT_Spp
Smin;0.7560000000000002
Smax;57.32899999999999
Seq-f;-3.274000000000001
Seq-p;2.5219999999999985
