Location;Frames_1000000537_MX_Spp
Smin;-7.433
Smax;0.09299999999999997
Seq-f;22.631999999999998
Seq-p;22.759
