Location;Frames_1000001015_MT_Spp
Smin;1.4130000000000003
Smax;57.602000000000004
Seq-f;2.780000000000001
Seq-p;0.1789999999999985
