Location;Frames_1000000206_MX_Spp
Smin;2.1769999999999996
Smax;13.719999999999999
Seq-f;32.788
Seq-p;32.595
