Location;Frames_1000000546_MT_Spp
Smin;-7.01
Smax;-2.5519999999999996
Seq-f;40.947
Seq-p;25.220999999999997
