Location;Frames_1000000338_MT_Spp
Smin;-7.720000000000001
Smax;3.691
Seq-f;6.824000000000002
Seq-p;14.913
