Location;Frames_1000000436_MT_Spp
Smin;-2.3409999999999993
Smax;8.82
Seq-f;-6.57
Seq-p;9.832999999999998
