Location;Frames_1000000647_MX_Spp
Smin;2.1069999999999993
Smax;25.689
Seq-f;19.781999999999996
Seq-p;32.345
