Location;Frames_1000000809_MT_Spp
Smin;2.316
Smax;24.598999999999997
Seq-f;-5.0969999999999995
Seq-p;8.709
