Location;Frames_1000000185_MX_Spp
Smin;0.7400000000000002
Smax;1.8389999999999986
Seq-f;1.7379999999999995
Seq-p;10.872
