Location;Frames_1000000513_MT_Spp
Smin;13.373999999999999
Smax;27.069000000000003
Seq-f;-7.308
Seq-p;-7.138999999999999
