Location;Frames_1000000327_MT_Spp
Smin;1.7449999999999992
Smax;16.418
Seq-f;14.524000000000001
Seq-p;5.498000000000001
