Location;Frames_1000000707_MT_Spp
Smin;9.305
Smax;27.194000000000003
Seq-f;3.5020000000000007
Seq-p;10.341000000000001
