Location;Frames_1000000848_MT_Spp
Smin;6.398999999999999
Smax;28.558
Seq-f;31.906
Seq-p;27.290999999999997
