Location;Frames_1000001094_MT_Spp
Smin;1.6720000000000006
Smax;5.073
Seq-f;4.802
Seq-p;0.9830000000000005
