Location;Frames_1000000122_MX_Spp
Smin;1.5670000000000002
Smax;26.110999999999997
Seq-f;37.558
Seq-p;39.08
