Location;Frames_1000000828_MT_Spp
Smin;7.561
Smax;32.995
Seq-f;-6.611000000000001
Seq-p;-15.725999999999999
