Location;Frames_1000000839_MX_Spp
Smin;-0.23999999999999844
Smax;36.274
Seq-f;0.16600000000000037
Seq-p;19.304
