Location;Frames_1000000995_MT_Spp
Smin;-14.158999999999999
Smax;4.417
Seq-f;31.607
Seq-p;30.262999999999998
