Location;Frames_1000000972_MX_Spp
Smin;-2.585000000000001
Smax;0.41300000000000026
Seq-f;22.113999999999997
Seq-p;37.111
