Location;Frames_1000000474_MX_Spp
Smin;5.0489999999999995
Smax;5.097000000000001
Seq-f;20.797
Seq-p;15.506999999999998
