Location;Frames_1000001006_MT_Spp
Smin;-0.940999999999999
Smax;8.616
Seq-f;13.334
Seq-p;7.940000000000001
