Location;Frames_1000000201_MX_Spp
Smin;3.7409999999999997
Smax;37.788
Seq-f;-6.247
Seq-p;2.271000000000001
