Location;Frames_1000000941_MX_Spp
Smin;0.40700000000000003
Smax;4.2829999999999995
Seq-f;9.758
Seq-p;5.463000000000001
