Location;Frames_1000000362_MX_Spp
Smin;-15.89
Smax;6.680999999999999
Seq-f;96.068
Seq-p;58.483999999999995
