Location;Frames_1000001029_MX_Spp
Smin;1.9800000000000004
Smax;63.61
Seq-f;58.56999999999999
Seq-p;48.151
