Location;Frames_1000000354_MX_Spp
Smin;13.868000000000002
Smax;15.742
Seq-f;2.2620000000000005
Seq-p;-1.657
