Location;Frames_1000000910_MX_Spp
Smin;-3.1389999999999993
Smax;46.346
Seq-f;7.292999999999999
Seq-p;29.512
