Location;Frames_1000000618_MT_Spp
Smin;4.353
Smax;27.253999999999998
Seq-f;4.111999999999998
Seq-p;-0.6000000000000014
