Location;Frames_1000000187_MX_Spp
Smin;-9.106000000000002
Smax;-5.476000000000001
Seq-f;7.9140000000000015
Seq-p;20.468000000000004
