Location;Frames_1000000759_MT_Spp
Smin;-9.623999999999999
Smax;33.682
Seq-f;0.8820000000000014
Seq-p;20.97
