Location;Frames_1000000144_MX_Spp
Smin;16.212
Smax;21.267000000000003
Seq-f;-4.901
Seq-p;-3.7910000000000004
