Location;Frames_1000000247_MX_Spp
Smin;-6.120999999999999
Smax;29.186999999999998
Seq-f;26.325000000000003
Seq-p;14.174999999999997
