Location;Frames_1000000304_MX_Spp
Smin;-0.45700000000000074
Smax;14.907
Seq-f;60.724000000000004
Seq-p;51.402
