Location;Frames_1000000648_MT_Spp
Smin;0.6180000000000003
Smax;1.193999999999999
Seq-f;8.143999999999998
Seq-p;0.36599999999999966
