Location;Frames_1000000249_MT_Spp
Smin;0.012000000000000455
Smax;6.991
Seq-f;27.869999999999997
Seq-p;13.439
