Location;Frames_1000001096_MT_Spp
Smin;0.7040000000000006
Smax;16.127000000000002
Seq-f;72.102
Seq-p;36.466
