Location;Frames_1000000671_MT_Spp
Smin;1.7089999999999996
Smax;54.983999999999995
Seq-f;26.476
Seq-p;37.947
