Location;Frames_1000000428_MX_Spp
Smin;-2.3409999999999993
Smax;33.394
Seq-f;2.630000000000001
Seq-p;-0.838000000000001
