Location;Frames_1000000383_MT_Spp
Smin;3.3200000000000003
Smax;10.969999999999999
Seq-f;-0.8320000000000007
Seq-p;15.882000000000001
