Location;Frames_1000000622_MT_Spp
Smin;0.5219999999999985
Smax;42.506
Seq-f;9.940999999999999
Seq-p;7.105
