Location;Frames_1000000739_MT_Spp
Smin;-12.431000000000001
Smax;-6.356
Seq-f;4.378
Seq-p;14.145000000000003
