Location;Frames_1000001003_MT_Spp
Smin;2.001999999999999
Smax;15.86
Seq-f;14.304000000000002
Seq-p;8.204
