Location;Frames_1000000736_MT_Spp
Smin;-0.12899999999999956
Smax;36.345
Seq-f;-2.0749999999999993
Seq-p;2.5199999999999996
