Location;Frames_1000000745_MX_Spp
Smin;-7.8309999999999995
Smax;19.886000000000003
Seq-f;35.072
Seq-p;38.237
