Location;Frames_1000000716_MT_Spp
Smin;17.009999999999998
Smax;38.615
Seq-f;7.370000000000001
Seq-p;-5.766
