Location;Frames_1000000706_MT_Spp
Smin;-2.5009999999999994
Smax;44.273
Seq-f;25.088
Seq-p;12.633000000000003
