Location;Frames_1000000761_MT_Spp
Smin;2.344000000000001
Smax;36.662
Seq-f;60.346000000000004
Seq-p;38.64
