Location;Frames_1000000680_MT_Spp
Smin;1.3520000000000003
Smax;6.283000000000001
Seq-f;53.346999999999994
Seq-p;33.267
