Location;Frames_1000000646_MX_Spp
Smin;-16.169
Smax;10.079999999999998
Seq-f;62.556
Seq-p;27.429000000000002
