Location;Frames_1000000101_MX_Spp
Smin;-9.155999999999999
Smax;29.412999999999997
Seq-f;33.972
Seq-p;27.29
