Location;Frames_1000000518_MT_Spp
Smin;-3.9049999999999994
Smax;2.5219999999999985
Seq-f;-0.625
Seq-p;6.027000000000001
