Location;Frames_1000000093_MT_Spp
Smin;-13.107
Smax;-10.418
Seq-f;25.619999999999997
Seq-p;28.121000000000002
