Location;Frames_1000000854_MX_Spp
Smin;-17.717
Smax;41.81
Seq-f;22.558999999999997
Seq-p;11.800999999999998
