Location;Frames_1000000992_MX_Spp
Smin;-14.620000000000001
Smax;7.652999999999999
Seq-f;20.729
Seq-p;24.423000000000002
