Location;Frames_1000000197_MX_Spp
Smin;4.4670000000000005
Smax;50.385999999999996
Seq-f;98.854
Seq-p;77.399
