Location;Frames_1000000597_MT_Spp
Smin;-8.335999999999999
Smax;28.656
Seq-f;13.994999999999997
Seq-p;25.808
