Location;Frames_1000000521_MX_Spp
Smin;12.501999999999999
Smax;24.067999999999998
Seq-f;3.9429999999999996
Seq-p;8.082999999999998
