Location;Frames_1000001028_MX_Spp
Smin;3.5090000000000003
Smax;7.526
Seq-f;14.447000000000003
Seq-p;25.793
