Location;Frames_1000000502_MX_Spp
Smin;-1.5359999999999996
Smax;18.01
Seq-f;17.118000000000002
Seq-p;12.649000000000001
