Location;Frames_1000000781_MT_Spp
Smin;-4.25
Smax;74.546
Seq-f;-5.406000000000001
Seq-p;11.908999999999999
