Location;Frames_1000000016_MX_Spp
Smin;-6.806999999999999
Smax;13.675999999999998
Seq-f;7.195
Seq-p;21.445999999999998
