Location;Frames_1000000911_MT_Spp
Smin;10.342
Smax;22.340000000000003
Seq-f;24.860999999999997
Seq-p;13.206000000000003
