Location;Frames_1000000229_MT_Spp
Smin;0.9059999999999988
Smax;1.7100000000000009
Seq-f;16.968000000000004
Seq-p;31.479999999999997
