Location;Frames_1000001089_MT_Spp
Smin;-17.489
Smax;11.299
Seq-f;0.8260000000000005
Seq-p;8.335999999999999
