Location;Frames_1000000434_MX_Spp
Smin;1.077
Smax;47.843
Seq-f;-2.3610000000000007
Seq-p;2.7940000000000005
