Location;Frames_1000000684_MX_Spp
Smin;7.816000000000001
Smax;49.692
Seq-f;21.218
Seq-p;7.7429999999999986
