Location;Frames_1000000512_MX_Spp
Smin;-25.659999999999997
Smax;27.947000000000003
Seq-f;25.859
Seq-p;55.471999999999994
