Location;Frames_1000000771_MT_Spp
Smin;-7.184999999999999
Smax;26.948999999999998
Seq-f;59.629000000000005
Seq-p;25.851999999999997
