Location;Frames_1000000760_MX_Spp
Smin;-7.050000000000001
Smax;14.428
Seq-f;20.273
Seq-p;30.912999999999997
