Location;Frames_1000001027_MT_Spp
Smin;-9.184000000000001
Smax;19.798000000000002
Seq-f;43.365
Seq-p;43.748
