Location;Frames_1000000615_MT_Spp
Smin;-26.426000000000002
Smax;15.11
Seq-f;38.393
Seq-p;56.537000000000006
