Location;Frames_1000000437_MX_Spp
Smin;-5.103
Smax;0.8440000000000012
Seq-f;16.499000000000002
Seq-p;31.464
