Location;Frames_1000000787_MT_Spp
Smin;-29.817999999999998
Smax;40.495
Seq-f;14.875
Seq-p;27.558999999999997
