Location;Frames_1000000699_MX_Spp
Smin;-6.359999999999999
Smax;-3.2940000000000005
Seq-f;86.884
Seq-p;68.117
