Location;Frames_1000000192_MT_Spp
Smin;-0.6489999999999991
Smax;41.931
Seq-f;8.390999999999998
Seq-p;4.425999999999998
