Location;Frames_1000000673_MX_Spp
Smin;-15.454999999999998
Smax;-0.8689999999999998
Seq-f;19.505
Seq-p;22.793
