Location;Frames_1000000244_MX_Spp
Smin;16.656
Smax;52.889
Seq-f;6.931000000000001
Seq-p;10.867999999999999
