Location;Frames_1000000673_MT_Spp
Smin;-5.457000000000001
Smax;-0.8689999999999998
Seq-f;49.954
Seq-p;52.012
