Location;Frames_1000000223_MT_Spp
Smin;4.2989999999999995
Smax;20.311
Seq-f;62.56399999999999
Seq-p;42.889
