Location;Frames_1000000747_MX_Spp
Smin;9.006
Smax;22.253999999999998
Seq-f;26.942999999999998
Seq-p;16.557000000000002
