Location;Frames_1000000776_MT_Spp
Smin;-11.821000000000002
Smax;27.517000000000003
Seq-f;19.568
Seq-p;33.704
