Location;Frames_1000000368_MX_Spp
Smin;0.3780000000000001
Smax;17.953
Seq-f;0.8530000000000015
Seq-p;10.876999999999999
