Location;Frames_1000000958_MX_Spp
Smin;9.456
Smax;57.304
Seq-f;-1.7669999999999995
Seq-p;2.963000000000001
