Location;Frames_1000000868_MT_Spp
Smin;-35.308
Smax;44.242000000000004
Seq-f;27.641
Seq-p;20.676000000000002
