Location;Frames_1000000920_MX_Spp
Smin;-4.338
Smax;-1.4809999999999999
Seq-f;1.5269999999999992
Seq-p;-2.7489999999999988
