Location;Frames_1000000974_MT_Spp
Smin;12.422
Smax;29.826
Seq-f;-5.9719999999999995
Seq-p;-1.879999999999999
