Location;Frames_1000000032_MT_Spp
Smin;-10.855
Smax;13.82
Seq-f;9.684999999999999
Seq-p;9.353000000000002
