Location;Frames_1000000468_MT_Spp
Smin;2.6729999999999983
Smax;30.554000000000002
Seq-f;12.374000000000002
Seq-p;23.945
