Location;Frames_1000000090_MX_Spp
Smin;-10.879999999999999
Smax;31.479999999999997
Seq-f;0.4939999999999998
Seq-p;11.155999999999999
