Location;Frames_1000000599_MX_Spp
Smin;-17.228
Smax;-2.4979999999999993
Seq-f;1.8209999999999997
Seq-p;-1.527000000000001
