Location;Frames_1000000365_MT_Spp
Smin;-18.103
Smax;-3.9019999999999992
Seq-f;26.439999999999998
Seq-p;12.438000000000002
