Location;Frames_1000000131_MX_Spp
Smin;14.094000000000001
Smax;18.576
Seq-f;10.800999999999998
Seq-p;10.939
