Location;Frames_1000001022_MX_Spp
Smin;7.601000000000001
Smax;8.265999999999998
Seq-f;24.93
Seq-p;22.476999999999997
