Location;Frames_1000000985_MX_Spp
Smin;12.338000000000001
Smax;42.394
Seq-f;-7.313000000000001
Seq-p;4.785
