Location;Frames_1000000637_MX_Spp
Smin;1.5839999999999996
Smax;18.711
Seq-f;5.6739999999999995
Seq-p;21.593
