Location;Frames_1000000162_MT_Spp
Smin;-15.283999999999999
Smax;30.366
Seq-f;20.995
Seq-p;24.270000000000003
