Location;Frames_1000001003_MX_Spp
Smin;-3.414999999999999
Smax;2.001999999999999
Seq-f;-5.754
Seq-p;1.193999999999999
