Location;Frames_1000000782_MT_Spp
Smin;9.367
Smax;29.578000000000003
Seq-f;1.8079999999999998
Seq-p;-8.06
