Location;Frames_1000001022_MT_Spp
Smin;-6.306000000000001
Smax;8.265999999999998
Seq-f;33.368
Seq-p;26.954
