Location;Frames_1000000962_MT_Spp
Smin;-4.768000000000001
Smax;1.8969999999999985
Seq-f;42.283
Seq-p;41.941
