Location;Frames_1000000764_MX_Spp
Smin;14.370000000000001
Smax;56.766999999999996
Seq-f;-11.556
Seq-p;0.6099999999999994
