Location;Frames_1000000686_MX_Spp
Smin;-0.8039999999999985
Smax;34.423
Seq-f;82.98
Seq-p;44.647000000000006
