Location;Frames_1000000513_MX_Spp
Smin;1.8299999999999983
Smax;27.069000000000003
Seq-f;1.6630000000000003
Seq-p;10.727
