Location;Frames_1000000823_MT_Spp
Smin;1.1639999999999997
Smax;16.582
Seq-f;31.130000000000003
Seq-p;32.103
