Location;Frames_1000000802_MT_Spp
Smin;3.0779999999999994
Smax;40.197
Seq-f;2.187000000000001
Seq-p;11.506
