Location;Frames_1000000267_MT_Spp
Smin;3.6739999999999995
Smax;17.771
Seq-f;12.658999999999999
Seq-p;23.889000000000003
