Location;Frames_1000000356_MX_Spp
Smin;-19.553
Smax;1.7560000000000002
Seq-f;11.508
Seq-p;10.806999999999999
