Location;Frames_1000000795_MX_Spp
Smin;0.32399999999999984
Smax;28.022
Seq-f;-10.631
Seq-p;-5.555999999999999
