Location;Frames_1000000470_MT_Spp
Smin;1.9059999999999988
Smax;8.925999999999998
Seq-f;40.784
Seq-p;34.495
