Location;Frames_1000000758_MT_Spp
Smin;-5.8919999999999995
Smax;42.76
Seq-f;23.703000000000003
Seq-p;38.285
