Location;Frames_1000000655_MX_Spp
Smin;-3.7219999999999995
Smax;3.6400000000000006
Seq-f;73.037
Seq-p;55.751000000000005
