Location;Frames_1000000827_MT_Spp
Smin;-11.045000000000002
Smax;43.66
Seq-f;30.554000000000002
Seq-p;26.406999999999996
