Location;Frames_1000000981_MX_Spp
Smin;-19.073
Smax;14.667000000000002
Seq-f;13.346
Seq-p;22.057000000000002
