Location;Frames_1000000786_MT_Spp
Smin;14.472000000000001
Smax;21.593
Seq-f;2.476000000000001
Seq-p;-3.59
