Location;Frames_1000000181_MT_Spp
Smin;-16.267
Smax;20.133000000000003
Seq-f;16.343
Seq-p;18.947000000000003
