Location;Frames_1000000422_MT_Spp
Smin;3.1790000000000003
Smax;41.334
Seq-f;-0.3520000000000003
Seq-p;-8.541
