Location;Frames_1000000319_MX_Spp
Smin;-0.4380000000000006
Smax;11.352
Seq-f;53.400000000000006
Seq-p;43.355
