Location;Frames_1000000703_MT_Spp
Smin;0.7119999999999997
Smax;35.506
Seq-f;12.405999999999999
Seq-p;11.948
