Location;Frames_1000000277_MX_Spp
Smin;-7.4559999999999995
Smax;6.003
Seq-f;9.719999999999999
Seq-p;-0.4529999999999994
