Location;Frames_1000000606_MX_Spp
Smin;0.36799999999999855
Smax;13.405000000000001
Seq-f;57.82299999999999
Seq-p;34.363
