Location;Frames_1000000233_MX_Spp
Smin;-11.271999999999998
Smax;47.684
Seq-f;22.453000000000003
Seq-p;27.389000000000003
