Location;Frames_1000000517_MT_Spp
Smin;-17.16
Smax;51.903
Seq-f;60.394999999999996
Seq-p;57.290000000000006
