Location;Frames_1000000708_MX_Spp
Smin;0.7480000000000011
Smax;6.622
Seq-f;11.847999999999999
Seq-p;9.768
