Location;Frames_1000000505_MT_Spp
Smin;-1.795
Smax;0.04100000000000037
Seq-f;76.683
Seq-p;51.156000000000006
