Location;Frames_1000001077_MT_Spp
Smin;-2.91
Smax;-2.667
Seq-f;-1.2040000000000006
Seq-p;4.8260000000000005
