Location;Frames_1000000037_MT_Spp
Smin;9.69
Smax;20.012999999999998
Seq-f;-9.475999999999999
Seq-p;-19.341
