Location;Frames_1000001000_MT_Spp
Smin;0.29299999999999926
Smax;17.9
Seq-f;25.366999999999997
Seq-p;31.147
