Location;Frames_1000000004_MX_Spp
Smin;-0.4170000000000016
Smax;34.102
Seq-f;7.073
Seq-p;8.591999999999999
