Location;Frames_1000000507_MX_Spp
Smin;5.952999999999999
Smax;8.18
Seq-f;71.207
Seq-p;44.983999999999995
