Location;Frames_1000000480_MT_Spp
Smin;-27.354999999999997
Smax;-0.45700000000000074
Seq-f;19.851
Seq-p;32.911
