Location;Frames_1000000499_MT_Spp
Smin;3.934
Smax;47.290000000000006
Seq-f;5.991
Seq-p;4.254999999999999
