Location;Frames_1000000538_MX_Spp
Smin;-4.667
Smax;15.353
Seq-f;17.610999999999997
Seq-p;7.382999999999999
