Location;Frames_1000000262_MT_Spp
Smin;13.642
Smax;53.44
Seq-f;0.42300000000000004
Seq-p;-7.723000000000001
