Location;Frames_1000000891_MX_Spp
Smin;9.152
Smax;62.896
Seq-f;3.2989999999999995
Seq-p;0.10600000000000165
