Location;Frames_1000000683_MX_Spp
Smin;12.022
Smax;60.081999999999994
Seq-f;61.31999999999999
Seq-p;30.734
