Location;Frames_1000000308_MT_Spp
Smin;-0.5359999999999996
Smax;7.376999999999999
Seq-f;50.041
Seq-p;34.969
