Location;Frames_1000001079_MT_Spp
Smin;10.296
Smax;21.969
Seq-f;-1.2040000000000006
Seq-p;1.1829999999999998
