Location;Frames_1000000212_MT_Spp
Smin;-0.8130000000000006
Smax;0.7759999999999998
Seq-f;16.839
Seq-p;16.738
