Location;Frames_1000000240_MT_Spp
Smin;-7.414999999999999
Smax;45.72
Seq-f;-1.7929999999999993
Seq-p;15.097000000000001
