Location;Frames_1000000930_MT_Spp
Smin;-9.736999999999998
Smax;22.781999999999996
Seq-f;17.787
Seq-p;21.216
