Location;Frames_1000000392_MX_Spp
Smin;3.457
Smax;29.659999999999997
Seq-f;-9.337
Seq-p;-6.3260000000000005
