Location;Frames_1000000398_MX_Spp
Smin;-0.8200000000000003
Smax;5.036999999999999
Seq-f;-7.651999999999999
Seq-p;6.672000000000001
