Location;Frames_1000000484_MX_Spp
Smin;13.120000000000001
Smax;23.598
Seq-f;-6.361000000000001
Seq-p;-2.1849999999999987
