Location;Frames_1000000810_MX_Spp
Smin;-10.489
Smax;-3.7910000000000004
Seq-f;4.440000000000001
Seq-p;6.989000000000001
