Location;Frames_1000001021_MX_Spp
Smin;3.0219999999999985
Smax;28.040999999999997
Seq-f;106.326
Seq-p;66.492
