Location;Frames_1000000470_MX_Spp
Smin;-9.347000000000001
Smax;8.925999999999998
Seq-f;56.307
Seq-p;29.927999999999997
