Location;Frames_1000000384_MX_Spp
Smin;6.529999999999999
Smax;38.007
Seq-f;3.5060000000000002
Seq-p;-0.022999999999999687
