Location;Frames_1000000757_MT_Spp
Smin;-0.2240000000000002
Smax;25.372999999999998
Seq-f;17.060000000000002
Seq-p;15.951999999999998
