Location;Frames_1000000931_MT_Spp
Smin;1.2249999999999996
Smax;6.1259999999999994
Seq-f;-14.747
Seq-p;-13.633
