Location;Frames_1000000697_MT_Spp
Smin;-17.273
Smax;32.843
Seq-f;3.2020000000000017
Seq-p;6.6320000000000014
