Location;Frames_1000000946_MT_Spp
Smin;-7.018000000000001
Smax;54.647000000000006
Seq-f;39.142
Seq-p;48.373
