Location;Frames_1000000657_MT_Spp
Smin;-5.338000000000001
Smax;14.207
Seq-f;19.705
Seq-p;23.095999999999997
