Location;Frames_1000000791_MT_Spp
Smin;6.573
Smax;6.885000000000002
Seq-f;-9.585
Seq-p;-6.441000000000001
