Location;Frames_1000000064_MX_Spp
Smin;-4.571999999999999
Smax;-1.4450000000000003
Seq-f;9.386
Seq-p;6.445
