Location;Frames_1000000713_MT_Spp
Smin;-2.085000000000001
Smax;30.972
Seq-f;27.006999999999998
Seq-p;12.982
