Location;Frames_1000000688_MX_Spp
Smin;-0.48400000000000176
Smax;30.098999999999997
Seq-f;6.443000000000001
Seq-p;19.732
