Location;Frames_1000000549_MT_Spp
Smin;7.598000000000001
Smax;31.494
Seq-f;11.956
Seq-p;14.745000000000001
