Location;Frames_1000000577_MX_Spp
Smin;-31.817999999999998
Smax;43.91
Seq-f;12.151000000000003
Seq-p;18.040999999999997
