Location;Frames_1000000819_MT_Spp
Smin;0.0389999999999997
Smax;13.486999999999998
Seq-f;17.813000000000002
Seq-p;13.341000000000001
