Location;Frames_1000000695_MX_Spp
Smin;-8.225000000000001
Smax;24.289
Seq-f;3.0120000000000005
Seq-p;12.594000000000001
