Location;Frames_1000000372_MT_Spp
Smin;14.799
Smax;44.837
Seq-f;0.34199999999999875
Seq-p;8.925999999999998
