Location;Frames_1000001101_MT_Spp
Smin;-19.509
Smax;1.161999999999999
Seq-f;37.448
Seq-p;23.673000000000002
