Location;Frames_1000000058_MX_Spp
Smin;-15.469999999999999
Smax;-2.359
Seq-f;13.017
Seq-p;8.678999999999998
