Location;Frames_1000000526_MT_Spp
Smin;-1.8230000000000004
Smax;24.973
Seq-f;2.7109999999999985
Seq-p;8.224
