Location;Frames_1000000678_MT_Spp
Smin;-11.328
Smax;20.564
Seq-f;21.185000000000002
Seq-p;29.186999999999998
