Location;Frames_1000000164_MT_Spp
Smin;-0.41799999999999926
Smax;11.475000000000001
Seq-f;60.312
Seq-p;35.427
