Location;Frames_1000000636_MT_Spp
Smin;-15.213999999999999
Smax;10.872
Seq-f;31.271
Seq-p;27.874000000000002
