Location;Frames_1000000421_MT_Spp
Smin;-17.044
Smax;12.165
Seq-f;5.390000000000001
Seq-p;17.634999999999998
