Location;Frames_1000000322_MX_Spp
Smin;-1.9130000000000003
Smax;2.9170000000000016
Seq-f;4.231999999999999
Seq-p;23.743000000000002
