Location;Frames_1000000607_MX_Spp
Smin;-28.769
Smax;15.018999999999998
Seq-f;28.186999999999998
Seq-p;48.998999999999995
