Location;Frames_1000000183_MT_Spp
Smin;-5.680999999999999
Smax;45.93000000000001
Seq-f;62.80500000000001
Seq-p;52.84
