Location;Frames_1000000254_MX_Spp
Smin;-27.372
Smax;6.375
Seq-f;19.706000000000003
Seq-p;22.823999999999998
