Location;Frames_1000000121_MX_Spp
Smin;-9.085999999999999
Smax;36.139
Seq-f;2.3919999999999995
Seq-p;1.8969999999999985
