Location;Frames_1000000481_MT_Spp
Smin;0.2989999999999995
Smax;28.705
Seq-f;-5.672000000000001
Seq-p;-1.1209999999999987
