Location;Frames_1000000450_MT_Spp
Smin;-15.734000000000002
Smax;62.346999999999994
Seq-f;11.155000000000001
Seq-p;17.029000000000003
