Location;Frames_1000001112_MX_Spp
Smin;-2.789999999999999
Smax;11.620999999999999
Seq-f;26.491
Seq-p;38.615
