Location;Frames_1000000851_MX_Spp
Smin;-12.655999999999999
Smax;19.239
Seq-f;3.710000000000001
Seq-p;23.906999999999996
