Location;Frames_1000000978_MX_Spp
Smin;-4.688000000000001
Smax;63.56999999999999
Seq-f;85.185
Seq-p;54.327
