Location;Frames_1000000093_MX_Spp
Smin;-13.107
Smax;-1.6879999999999988
Seq-f;25.912999999999997
Seq-p;39.737
