Location;Frames_1000000353_MT_Spp
Smin;4.168
Smax;34.27
Seq-f;9.899000000000001
Seq-p;-1.7729999999999997
