Location;Frames_1000000561_MT_Spp
Smin;3.4699999999999998
Smax;41.013
Seq-f;-10.849
Seq-p;0.8870000000000005
