Location;Frames_1000000534_MT_Spp
Smin;12.59
Smax;52.876
Seq-f;-5.6240000000000006
Seq-p;-1.495000000000001
