Location;Frames_1000000322_MT_Spp
Smin;-0.5579999999999998
Smax;2.9170000000000016
Seq-f;0.3290000000000006
Seq-p;20.358
