Location;Frames_1000001029_MT_Spp
Smin;-2.0589999999999993
Smax;63.61
Seq-f;58.965999999999994
Seq-p;30.999000000000002
