Location;Frames_1000001079_MX_Spp
Smin;-29.732
Smax;21.969
Seq-f;13.975999999999999
Seq-p;16.877000000000002
