Location;Frames_1000000904_MT_Spp
Smin;-6.832999999999998
Smax;14.326
Seq-f;4.204999999999998
Seq-p;15.719999999999999
