Location;Frames_1000000885_MX_Spp
Smin;13.472000000000001
Smax;61.212999999999994
Seq-f;0.48499999999999943
Seq-p;2.426
