Location;Frames_1000000132_MT_Spp
Smin;-1.6150000000000002
Smax;8.728000000000002
Seq-f;5.640000000000001
Seq-p;17.762
