Location;Frames_1000000879_MX_Spp
Smin;3.0390000000000015
Smax;21.776
Seq-f;23.686999999999998
Seq-p;28.427
