Location;Frames_1000000565_MT_Spp
Smin;-1.689
Smax;8.472999999999999
Seq-f;-5.4559999999999995
Seq-p;10.625
