Location;Frames_1000001105_MT_Spp
Smin;-1.9380000000000006
Smax;61.355999999999995
Seq-f;94.961
Seq-p;67.264
