Location;Frames_1000000482_MX_Spp
Smin;-5.4559999999999995
Smax;5.748999999999999
Seq-f;15.529
Seq-p;18.356
