Location;Frames_1000001061_MT_Spp
Smin;3.003
Smax;64.895
Seq-f;4.635000000000002
Seq-p;23.773000000000003
