Location;Frames_1000000719_MT_Spp
Smin;0.5370000000000008
Smax;57.849000000000004
Seq-f;9.001999999999999
Seq-p;14.513000000000002
